DATA_EXIBICAO;SESSAO;TITULO_ORIGINAL;TITULO_BRASIL;CPB_ROE;AUDIO;LEGENDADA;PAIS_OBRA;REGISTRO_SALA;NOME_SALA;PUBLICO;REGISTRO_GRUPO_EXIBIDOR;REGISTRO_EXIBIDOR;REGISTRO_COMPLEXO;MUNICIPIO_SALA_COMPLEXO;UF_SALA_COMPLEXO;RAZAO_SOCIAL_EXIBIDORA;CNPJ_EXIBIDORA
15/06/2015;15/06/2015 13:30:00;JURASSIC WORLD;JURASSIC WORLD: O MUNDO DOS DINOSSAUROS;E1500311700000;DUBLADO;NÃO;ESTADOS UNIDOS;5004486;ARAPIRACA BRA 04;14;6000027;22546;26037;ARAPIRACA;AL;REDECINE BRA CINEMATOGRÁFICA S.A.;15.422.993/0001-67
15/06/2015;15/06/2015 14:30:00;SAN ANDREAS;TERREMOTO: A FALHA DE SAN ANDREAS;E1500363400000;DUBLADO;NÃO;ESTADOS UNIDOS;5004485;ARAPIRACA BRA 03;5;6000027;22546;26037;ARAPIRACA;AL;REDECINE BRA CINEMATOGRÁFICA S.A.;15.422.993/0001-67
15/06/2015;15/06/2015 15:00:00;JURASSIC WORLD;JURASSIC WORLD: O MUNDO DOS DINOSSAUROS;E1500311700000;DUBLADO;NÃO;ESTADOS UNIDOS;5004483;ARAPIRACA BRA 01;4;6000027;22546;26037;ARAPIRACA;AL;REDECINE BRA CINEMATOGRÁFICA S.A.;15.422.993/0001-67
15/06/2015;15/06/2015 16:00:00;JURASSIC WORLD;JURASSIC WORLD: O MUNDO DOS DINOSSAUROS;E1500311700000;DUBLADO;NÃO;ESTADOS UNIDOS;5004486;ARAPIRACA BRA 04;19;6000027;22546;26037;ARAPIRACA;AL;REDECINE BRA CINEMATOGRÁFICA S.A.;15.422.993/0001-67
15/06/2015;15/06/2015 17:00:00;SAN ANDREAS;TERREMOTO: A FALHA DE SAN ANDREAS;E1500363400000;DUBLADO;NÃO;ESTADOS UNIDOS;5004485;ARAPIRACA BRA 03;11;6000027;22546;26037;ARAPIRACA;AL;REDECINE BRA CINEMATOGRÁFICA S.A.;15.422.993/0001-67
15/06/2015;15/06/2015 17:30:00;JURASSIC WORLD;JURASSIC WORLD: O MUNDO DOS DINOSSAUROS;E1500311700000;DUBLADO;NÃO;ESTADOS UNIDOS;5004483;ARAPIRACA BRA 01;19;6000027;22546;26037;ARAPIRACA;AL;REDECINE BRA CINEMATOGRÁFICA S.A.;15.422.993/0001-67
15/06/2015;15/06/2015 18:30:00;JURASSIC WORLD;JURASSIC WORLD: O MUNDO DOS DINOSSAUROS;E1500311700000;DUBLADO;NÃO;ESTADOS UNIDOS;5004486;ARAPIRACA BRA 04;33;6000027;22546;26037;ARAPIRACA;AL;REDECINE BRA CINEMATOGRÁFICA S.A.;15.422.993/0001-67
15/06/2015;15/06/2015 19:20:00;SAN ANDREAS;TERREMOTO: A FALHA DE SAN ANDREAS;E1500363400000;DUBLADO;NÃO;ESTADOS UNIDOS;5004485;ARAPIRACA BRA 03;30;6000027;22546;26037;ARAPIRACA;AL;REDECINE BRA CINEMATOGRÁFICA S.A.;15.422.993/0001-67
15/06/2015;15/06/2015 20:00:00;JURASSIC WORLD;JURASSIC WORLD: O MUNDO DOS DINOSSAUROS;E1500311700000;DUBLADO;NÃO;ESTADOS UNIDOS;5004483;ARAPIRACA BRA 01;39;6000027;22546;26037;ARAPIRACA;AL;REDECINE BRA CINEMATOGRÁFICA S.A.;15.422.993/0001-67
15/06/2015;15/06/2015 21:10:00;JURASSIC WORLD;JURASSIC WORLD: O MUNDO DOS DINOSSAUROS;E1500311700000;ORIGINAL;SIM;ESTADOS UNIDOS;5004486;ARAPIRACA BRA 04;8;6000027;22546;26037;ARAPIRACA;AL;REDECINE BRA CINEMATOGRÁFICA S.A.;15.422.993/0001-67
15/06/2015;15/06/2015 21:50:00;SAN ANDREAS;TERREMOTO: A FALHA DE SAN ANDREAS;E1500363400000;DUBLADO;NÃO;ESTADOS UNIDOS;5004485;ARAPIRACA BRA 03;16;6000027;22546;26037;ARAPIRACA;AL;REDECINE BRA CINEMATOGRÁFICA S.A.;15.422.993/0001-67
16/06/2015;16/06/2015 13:30:00;JURASSIC WORLD;JURASSIC WORLD: O MUNDO DOS DINOSSAUROS;E1500311700000;DUBLADO;NÃO;ESTADOS UNIDOS;5004486;ARAPIRACA BRA 04;54;6000027;22546;26037;ARAPIRACA;AL;REDECINE BRA CINEMATOGRÁFICA S.A.;15.422.993/0001-67
16/06/2015;16/06/2015 14:30:00;SAN ANDREAS;TERREMOTO: A FALHA DE SAN ANDREAS;E1500363400000;DUBLADO;NÃO;ESTADOS UNIDOS;5004485;ARAPIRACA BRA 03;24;6000027;22546;26037;ARAPIRACA;AL;REDECINE BRA CINEMATOGRÁFICA S.A.;15.422.993/0001-67
16/06/2015;16/06/2015 15:00:00;JURASSIC WORLD;JURASSIC WORLD: O MUNDO DOS DINOSSAUROS;E1500311700000;DUBLADO;NÃO;ESTADOS UNIDOS;5004483;ARAPIRACA BRA 01;23;6000027;22546;26037;ARAPIRACA;AL;REDECINE BRA CINEMATOGRÁFICA S.A.;15.422.993/0001-67
16/06/2015;16/06/2015 16:00:00;JURASSIC WORLD;JURASSIC WORLD: O MUNDO DOS DINOSSAUROS;E1500311700000;DUBLADO;NÃO;ESTADOS UNIDOS;5004486;ARAPIRACA BRA 04;79;6000027;22546;26037;ARAPIRACA;AL;REDECINE BRA CINEMATOGRÁFICA S.A.;15.422.993/0001-67
16/06/2015;16/06/2015 17:00:00;SAN ANDREAS;TERREMOTO: A FALHA DE SAN ANDREAS;E1500363400000;DUBLADO;NÃO;ESTADOS UNIDOS;5004485;ARAPIRACA BRA 03;10;6000027;22546;26037;ARAPIRACA;AL;REDECINE BRA CINEMATOGRÁFICA S.A.;15.422.993/0001-67
16/06/2015;16/06/2015 17:30:00;JURASSIC WORLD;JURASSIC WORLD: O MUNDO DOS DINOSSAUROS;E1500311700000;DUBLADO;NÃO;ESTADOS UNIDOS;5004483;ARAPIRACA BRA 01;23;6000027;22546;26037;ARAPIRACA;AL;REDECINE BRA CINEMATOGRÁFICA S.A.;15.422.993/0001-67
16/06/2015;16/06/2015 18:30:00;JURASSIC WORLD;JURASSIC WORLD: O MUNDO DOS DINOSSAUROS;E1500311700000;DUBLADO;NÃO;ESTADOS UNIDOS;5004486;ARAPIRACA BRA 04;204;6000027;22546;26037;ARAPIRACA;AL;REDECINE BRA CINEMATOGRÁFICA S.A.;15.422.993/0001-67
16/06/2015;16/06/2015 19:20:00;SAN ANDREAS;TERREMOTO: A FALHA DE SAN ANDREAS;E1500363400000;DUBLADO;NÃO;ESTADOS UNIDOS;5004485;ARAPIRACA BRA 03;170;6000027;22546;26037;ARAPIRACA;AL;REDECINE BRA CINEMATOGRÁFICA S.A.;15.422.993/0001-67
16/06/2015;16/06/2015 20:00:00;JURASSIC WORLD;JURASSIC WORLD: O MUNDO DOS DINOSSAUROS;E1500311700000;DUBLADO;NÃO;ESTADOS UNIDOS;5004483;ARAPIRACA BRA 01;253;6000027;22546;26037;ARAPIRACA;AL;REDECINE BRA CINEMATOGRÁFICA S.A.;15.422.993/0001-67
16/06/2015;16/06/2015 21:10:00;JURASSIC WORLD;JURASSIC WORLD: O MUNDO DOS DINOSSAUROS;E1500311700000;ORIGINAL;SIM;ESTADOS UNIDOS;5004486;ARAPIRACA BRA 04;50;6000027;22546;26037;ARAPIRACA;AL;REDECINE BRA CINEMATOGRÁFICA S.A.;15.422.993/0001-67
16/06/2015;16/06/2015 21:50:00;SAN ANDREAS;TERREMOTO: A FALHA DE SAN ANDREAS;E1500363400000;DUBLADO;NÃO;ESTADOS UNIDOS;5004485;ARAPIRACA BRA 03;85;6000027;22546;26037;ARAPIRACA;AL;REDECINE BRA CINEMATOGRÁFICA S.A.;15.422.993/0001-67
17/06/2015;17/06/2015 13:30:00;JURASSIC WORLD;JURASSIC WORLD: O MUNDO DOS DINOSSAUROS;E1500311700000;DUBLADO;NÃO;ESTADOS UNIDOS;5004486;ARAPIRACA BRA 04;33;6000027;22546;26037;ARAPIRACA;AL;REDECINE BRA CINEMATOGRÁFICA S.A.;15.422.993/0001-67
17/06/2015;17/06/2015 14:30:00;SAN ANDREAS;TERREMOTO: A FALHA DE SAN ANDREAS;E1500363400000;DUBLADO;NÃO;ESTADOS UNIDOS;5004485;ARAPIRACA BRA 03;19;6000027;22546;26037;ARAPIRACA;AL;REDECINE BRA CINEMATOGRÁFICA S.A.;15.422.993/0001-67
17/06/2015;17/06/2015 15:00:00;JURASSIC WORLD;JURASSIC WORLD: O MUNDO DOS DINOSSAUROS;E1500311700000;DUBLADO;NÃO;ESTADOS UNIDOS;5004483;ARAPIRACA BRA 01;20;6000027;22546;26037;ARAPIRACA;AL;REDECINE BRA CINEMATOGRÁFICA S.A.;15.422.993/0001-67
17/06/2015;17/06/2015 16:00:00;JURASSIC WORLD;JURASSIC WORLD: O MUNDO DOS DINOSSAUROS;E1500311700000;DUBLADO;NÃO;ESTADOS UNIDOS;5004486;ARAPIRACA BRA 04;41;6000027;22546;26037;ARAPIRACA;AL;REDECINE BRA CINEMATOGRÁFICA S.A.;15.422.993/0001-67
17/06/2015;17/06/2015 17:00:00;SAN ANDREAS;TERREMOTO: A FALHA DE SAN ANDREAS;E1500363400000;DUBLADO;NÃO;ESTADOS UNIDOS;5004485;ARAPIRACA BRA 03;16;6000027;22546;26037;ARAPIRACA;AL;REDECINE BRA CINEMATOGRÁFICA S.A.;15.422.993/0001-67
17/06/2015;17/06/2015 17:30:00;JURASSIC WORLD;JURASSIC WORLD: O MUNDO DOS DINOSSAUROS;E1500311700000;DUBLADO;NÃO;ESTADOS UNIDOS;5004483;ARAPIRACA BRA 01;30;6000027;22546;26037;ARAPIRACA;AL;REDECINE BRA CINEMATOGRÁFICA S.A.;15.422.993/0001-67
17/06/2015;17/06/2015 18:30:00;JURASSIC WORLD;JURASSIC WORLD: O MUNDO DOS DINOSSAUROS;E1500311700000;DUBLADO;NÃO;ESTADOS UNIDOS;5004486;ARAPIRACA BRA 04;154;6000027;22546;26037;ARAPIRACA;AL;REDECINE BRA CINEMATOGRÁFICA S.A.;15.422.993/0001-67
17/06/2015;17/06/2015 19:20:00;SAN ANDREAS;TERREMOTO: A FALHA DE SAN ANDREAS;E1500363400000;DUBLADO;NÃO;ESTADOS UNIDOS;5004485;ARAPIRACA BRA 03;38;6000027;22546;26037;ARAPIRACA;AL;REDECINE BRA CINEMATOGRÁFICA S.A.;15.422.993/0001-67
17/06/2015;17/06/2015 20:00:00;JURASSIC WORLD;JURASSIC WORLD: O MUNDO DOS DINOSSAUROS;E1500311700000;DUBLADO;NÃO;ESTADOS UNIDOS;5004483;ARAPIRACA BRA 01;101;6000027;22546;26037;ARAPIRACA;AL;REDECINE BRA CINEMATOGRÁFICA S.A.;15.422.993/0001-67
17/06/2015;17/06/2015 21:10:00;JURASSIC WORLD;JURASSIC WORLD: O MUNDO DOS DINOSSAUROS;E1500311700000;ORIGINAL;SIM;ESTADOS UNIDOS;5004486;ARAPIRACA BRA 04;27;6000027;22546;26037;ARAPIRACA;AL;REDECINE BRA CINEMATOGRÁFICA S.A.;15.422.993/0001-67
17/06/2015;17/06/2015 21:50:00;SAN ANDREAS;TERREMOTO: A FALHA DE SAN ANDREAS;E1500363400000;DUBLADO;NÃO;ESTADOS UNIDOS;5004485;ARAPIRACA BRA 03;19;6000027;22546;26037;ARAPIRACA;AL;REDECINE BRA CINEMATOGRÁFICA S.A.;15.422.993/0001-67
18/06/2015;18/06/2015 13:40:00;JURASSIC WORLD;JURASSIC WORLD: O MUNDO DOS DINOSSAUROS;E1500311700000;DUBLADO;NÃO;ESTADOS UNIDOS;5004483;ARAPIRACA BRA 01;0;6000027;22546;26037;ARAPIRACA;AL;REDECINE BRA CINEMATOGRÁFICA S.A.;15.422.993/0001-67
18/06/2015;18/06/2015 14:00:00;JURASSIC WORLD;JURASSIC WORLD: O MUNDO DOS DINOSSAUROS;E1500311700000;DUBLADO;NÃO;ESTADOS UNIDOS;5004486;ARAPIRACA BRA 04;4;6000027;22546;26037;ARAPIRACA;AL;REDECINE BRA CINEMATOGRÁFICA S.A.;15.422.993/0001-67
18/06/2015;18/06/2015 16:05:00;JURASSIC WORLD;JURASSIC WORLD: O MUNDO DOS DINOSSAUROS;E1500311700000;DUBLADO;NÃO;ESTADOS UNIDOS;5004483;ARAPIRACA BRA 01;16;6000027;22546;26037;ARAPIRACA;AL;REDECINE BRA CINEMATOGRÁFICA S.A.;15.422.993/0001-67
18/06/2015;18/06/2015 16:30:00;JURASSIC WORLD;JURASSIC WORLD: O MUNDO DOS DINOSSAUROS;E1500311700000;ORIGINAL;SIM;ESTADOS UNIDOS;5004486;ARAPIRACA BRA 04;6;6000027;22546;26037;ARAPIRACA;AL;REDECINE BRA CINEMATOGRÁFICA S.A.;15.422.993/0001-67
18/06/2015;18/06/2015 18:35:00;JURASSIC WORLD;JURASSIC WORLD: O MUNDO DOS DINOSSAUROS;E1500311700000;DUBLADO;NÃO;ESTADOS UNIDOS;5004483;ARAPIRACA BRA 01;32;6000027;22546;26037;ARAPIRACA;AL;REDECINE BRA CINEMATOGRÁFICA S.A.;15.422.993/0001-67
18/06/2015;18/06/2015 18:55:00;JURASSIC WORLD;JURASSIC WORLD: O MUNDO DOS DINOSSAUROS;E1500311700000;DUBLADO;NÃO;ESTADOS UNIDOS;5004486;ARAPIRACA BRA 04;63;6000027;22546;26037;ARAPIRACA;AL;REDECINE BRA CINEMATOGRÁFICA S.A.;15.422.993/0001-67
18/06/2015;18/06/2015 21:05:00;JURASSIC WORLD;JURASSIC WORLD: O MUNDO DOS DINOSSAUROS;E1500311700000;DUBLADO;NÃO;ESTADOS UNIDOS;5004483;ARAPIRACA BRA 01;54;6000027;22546;26037;ARAPIRACA;AL;REDECINE BRA CINEMATOGRÁFICA S.A.;15.422.993/0001-67
18/06/2015;18/06/2015 21:20:00;JURASSIC WORLD;JURASSIC WORLD: O MUNDO DOS DINOSSAUROS;E1500311700000;DUBLADO;NÃO;ESTADOS UNIDOS;5004486;ARAPIRACA BRA 04;24;6000027;22546;26037;ARAPIRACA;AL;REDECINE BRA CINEMATOGRÁFICA S.A.;15.422.993/0001-67
19/06/2015;19/06/2015 13:40:00;JURASSIC WORLD;JURASSIC WORLD: O MUNDO DOS DINOSSAUROS;E1500311700000;DUBLADO;NÃO;ESTADOS UNIDOS;5004483;ARAPIRACA BRA 01;9;6000027;22546;26037;ARAPIRACA;AL;REDECINE BRA CINEMATOGRÁFICA S.A.;15.422.993/0001-67
19/06/2015;19/06/2015 14:00:00;JURASSIC WORLD;JURASSIC WORLD: O MUNDO DOS DINOSSAUROS;E1500311700000;DUBLADO;NÃO;ESTADOS UNIDOS;5004486;ARAPIRACA BRA 04;20;6000027;22546;26037;ARAPIRACA;AL;REDECINE BRA CINEMATOGRÁFICA S.A.;15.422.993/0001-67
19/06/2015;19/06/2015 16:05:00;JURASSIC WORLD;JURASSIC WORLD: O MUNDO DOS DINOSSAUROS;E1500311700000;DUBLADO;NÃO;ESTADOS UNIDOS;5004483;ARAPIRACA BRA 01;28;6000027;22546;26037;ARAPIRACA;AL;REDECINE BRA CINEMATOGRÁFICA S.A.;15.422.993/0001-67
19/06/2015;19/06/2015 16:30:00;JURASSIC WORLD;JURASSIC WORLD: O MUNDO DOS DINOSSAUROS;E1500311700000;ORIGINAL;SIM;ESTADOS UNIDOS;5004486;ARAPIRACA BRA 04;6;6000027;22546;26037;ARAPIRACA;AL;REDECINE BRA CINEMATOGRÁFICA S.A.;15.422.993/0001-67
19/06/2015;19/06/2015 18:35:00;JURASSIC WORLD;JURASSIC WORLD: O MUNDO DOS DINOSSAUROS;E1500311700000;DUBLADO;NÃO;ESTADOS UNIDOS;5004483;ARAPIRACA BRA 01;17;6000027;22546;26037;ARAPIRACA;AL;REDECINE BRA CINEMATOGRÁFICA S.A.;15.422.993/0001-67
19/06/2015;19/06/2015 18:55:00;JURASSIC WORLD;JURASSIC WORLD: O MUNDO DOS DINOSSAUROS;E1500311700000;DUBLADO;NÃO;ESTADOS UNIDOS;5004486;ARAPIRACA BRA 04;49;6000027;22546;26037;ARAPIRACA;AL;REDECINE BRA CINEMATOGRÁFICA S.A.;15.422.993/0001-67
19/06/2015;19/06/2015 21:05:00;JURASSIC WORLD;JURASSIC WORLD: O MUNDO DOS DINOSSAUROS;E1500311700000;DUBLADO;NÃO;ESTADOS UNIDOS;5004483;ARAPIRACA BRA 01;20;6000027;22546;26037;ARAPIRACA;AL;REDECINE BRA CINEMATOGRÁFICA S.A.;15.422.993/0001-67
19/06/2015;19/06/2015 21:20:00;JURASSIC WORLD;JURASSIC WORLD: O MUNDO DOS DINOSSAUROS;E1500311700000;DUBLADO;NÃO;ESTADOS UNIDOS;5004486;ARAPIRACA BRA 04;27;6000027;22546;26037;ARAPIRACA;AL;REDECINE BRA CINEMATOGRÁFICA S.A.;15.422.993/0001-67
20/06/2015;20/06/2015 13:40:00;JURASSIC WORLD;JURASSIC WORLD: O MUNDO DOS DINOSSAUROS;E1500311700000;DUBLADO;NÃO;ESTADOS UNIDOS;5004483;ARAPIRACA BRA 01;37;6000027;22546;26037;ARAPIRACA;AL;REDECINE BRA CINEMATOGRÁFICA S.A.;15.422.993/0001-67
20/06/2015;20/06/2015 14:00:00;JURASSIC WORLD;JURASSIC WORLD: O MUNDO DOS DINOSSAUROS;E1500311700000;DUBLADO;NÃO;ESTADOS UNIDOS;5004486;ARAPIRACA BRA 04;21;6000027;22546;26037;ARAPIRACA;AL;REDECINE BRA CINEMATOGRÁFICA S.A.;15.422.993/0001-67
20/06/2015;20/06/2015 16:05:00;JURASSIC WORLD;JURASSIC WORLD: O MUNDO DOS DINOSSAUROS;E1500311700000;DUBLADO;NÃO;ESTADOS UNIDOS;5004483;ARAPIRACA BRA 01;45;6000027;22546;26037;ARAPIRACA;AL;REDECINE BRA CINEMATOGRÁFICA S.A.;15.422.993/0001-67
20/06/2015;20/06/2015 16:30:00;JURASSIC WORLD;JURASSIC WORLD: O MUNDO DOS DINOSSAUROS;E1500311700000;ORIGINAL;SIM;ESTADOS UNIDOS;5004486;ARAPIRACA BRA 04;19;6000027;22546;26037;ARAPIRACA;AL;REDECINE BRA CINEMATOGRÁFICA S.A.;15.422.993/0001-67
20/06/2015;20/06/2015 18:35:00;JURASSIC WORLD;JURASSIC WORLD: O MUNDO DOS DINOSSAUROS;E1500311700000;DUBLADO;NÃO;ESTADOS UNIDOS;5004483;ARAPIRACA BRA 01;50;6000027;22546;26037;ARAPIRACA;AL;REDECINE BRA CINEMATOGRÁFICA S.A.;15.422.993/0001-67
20/06/2015;20/06/2015 18:55:00;JURASSIC WORLD;JURASSIC WORLD: O MUNDO DOS DINOSSAUROS;E1500311700000;DUBLADO;NÃO;ESTADOS UNIDOS;5004486;ARAPIRACA BRA 04;39;6000027;22546;26037;ARAPIRACA;AL;REDECINE BRA CINEMATOGRÁFICA S.A.;15.422.993/0001-67
20/06/2015;20/06/2015 21:05:00;JURASSIC WORLD;JURASSIC WORLD: O MUNDO DOS DINOSSAUROS;E1500311700000;DUBLADO;NÃO;ESTADOS UNIDOS;5004483;ARAPIRACA BRA 01;38;6000027;22546;26037;ARAPIRACA;AL;REDECINE BRA CINEMATOGRÁFICA S.A.;15.422.993/0001-67
20/06/2015;20/06/2015 21:20:00;JURASSIC WORLD;JURASSIC WORLD: O MUNDO DOS DINOSSAUROS;E1500311700000;DUBLADO;NÃO;ESTADOS UNIDOS;5004486;ARAPIRACA BRA 04;39;6000027;22546;26037;ARAPIRACA;AL;REDECINE BRA CINEMATOGRÁFICA S.A.;15.422.993/0001-67
21/06/2015;21/06/2015 13:40:00;JURASSIC WORLD;JURASSIC WORLD: O MUNDO DOS DINOSSAUROS;E1500311700000;DUBLADO;NÃO;ESTADOS UNIDOS;5004483;ARAPIRACA BRA 01;36;6000027;22546;26037;ARAPIRACA;AL;REDECINE BRA CINEMATOGRÁFICA S.A.;15.422.993/0001-67
21/06/2015;21/06/2015 14:00:00;JURASSIC WORLD;JURASSIC WORLD: O MUNDO DOS DINOSSAUROS;E1500311700000;DUBLADO;NÃO;ESTADOS UNIDOS;5004486;ARAPIRACA BRA 04;66;6000027;22546;26037;ARAPIRACA;AL;REDECINE BRA CINEMATOGRÁFICA S.A.;15.422.993/0001-67
21/06/2015;21/06/2015 16:05:00;JURASSIC WORLD;JURASSIC WORLD: O MUNDO DOS DINOSSAUROS;E1500311700000;DUBLADO;NÃO;ESTADOS UNIDOS;5004483;ARAPIRACA BRA 01;102;6000027;22546;26037;ARAPIRACA;AL;REDECINE BRA CINEMATOGRÁFICA S.A.;15.422.993/0001-67
21/06/2015;21/06/2015 16:30:00;JURASSIC WORLD;JURASSIC WORLD: O MUNDO DOS DINOSSAUROS;E1500311700000;ORIGINAL;SIM;ESTADOS UNIDOS;5004486;ARAPIRACA BRA 04;17;6000027;22546;26037;ARAPIRACA;AL;REDECINE BRA CINEMATOGRÁFICA S.A.;15.422.993/0001-67
21/06/2015;21/06/2015 18:35:00;JURASSIC WORLD;JURASSIC WORLD: O MUNDO DOS DINOSSAUROS;E1500311700000;DUBLADO;NÃO;ESTADOS UNIDOS;5004483;ARAPIRACA BRA 01;26;6000027;22546;26037;ARAPIRACA;AL;REDECINE BRA CINEMATOGRÁFICA S.A.;15.422.993/0001-67
21/06/2015;21/06/2015 18:55:00;JURASSIC WORLD;JURASSIC WORLD: O MUNDO DOS DINOSSAUROS;E1500311700000;DUBLADO;NÃO;ESTADOS UNIDOS;5004486;ARAPIRACA BRA 04;42;6000027;22546;26037;ARAPIRACA;AL;REDECINE BRA CINEMATOGRÁFICA S.A.;15.422.993/0001-67
21/06/2015;21/06/2015 21:05:00;JURASSIC WORLD;JURASSIC WORLD: O MUNDO DOS DINOSSAUROS;E1500311700000;DUBLADO;NÃO;ESTADOS UNIDOS;5004483;ARAPIRACA BRA 01;19;6000027;22546;26037;ARAPIRACA;AL;REDECINE BRA CINEMATOGRÁFICA S.A.;15.422.993/0001-67
21/06/2015;21/06/2015 21:20:00;JURASSIC WORLD;JURASSIC WORLD: O MUNDO DOS DINOSSAUROS;E1500311700000;DUBLADO;NÃO;ESTADOS UNIDOS;5004486;ARAPIRACA BRA 04;32;6000027;22546;26037;ARAPIRACA;AL;REDECINE BRA CINEMATOGRÁFICA S.A.;15.422.993/0001-67
