ano_exibicao,distribuidora,origem_empresa,publico,publico_br,renda,renda_br,titulos_exibidos,titulos_exibidos_br,titulos_lancados,titulos_lancados_br
2009,Ab Filmes,Distribuição Nacional,33255,0,307288.57,0.0,1,0,1,0
2009,Business Telecom,Distribuição Nacional,546,546,2529.5,2529.5,1,1,1,1
2009,Califórnia,Distribuição Nacional,211136,547,1963949.76,2208.5,23,2,11,0
2009,Canal Brasil,Distribuição Nacional,15588,15588,141466.68,141466.68,1,1,1,1
2009,Caraminhola Produções Artísticas,Distribuição Nacional,182,182,886.0,886.0,1,1,1,1
2009,Casa Azul,Distribuição Nacional,230,230,975.38,975.38,2,2,2,2
2009,Cinegrama,Distribuição Nacional,907,907,4717.5,4717.5,1,1,1,1
2009,Cinerama Filmes,Distribuição Nacional,239,239,767.26,767.26,1,1,0,0
2009,Downtown,Distribuição Nacional,101244,101244,837920.74,837920.74,9,9,2,2
2009,Downtown/Riofilme,Distribuição Nacional,1935766,1935766,17137715.53,17137715.53,2,2,2,2
2009,Downtown/Videofilmes,Distribuição Nacional,4119,4119,25713.36,25713.36,1,1,1,1
2009,Espaço Filmes,Distribuição Nacional,7919,7919,57765.5,57765.5,2,2,2,2
2009,Espaço Itaú De Cinema,Distribuição Nacional,77579,0,1387050.0,0.0,2,0,2,0
2009,Europa,Distribuição Nacional,1929856,111553,17488949.17,778112.02,30,4,11,1
2009,Europa/Riofilme,Distribuição Nacional,35629,35629,304073.23,304073.23,1,1,1,1
2009,Filmes Da Mostra,Distribuição Nacional,116023,0,1030667.42,0.0,10,0,7,0
2009,Filmes Do Estação,Distribuição Nacional,164218,84204,1333743.11,632688.31,27,9,11,4
2009,Flashstar Filmes,Distribuição Nacional,65019,0,640518.6,0.0,2,0,1,0
2009,Fox,Distribuição Internacional,29942400,6215189,256396883.0,49659548.0,40,10,19,3
2009,G7 Cinema,Distribuição Nacional,59336,59336,516323.06,516323.06,2,2,2,2
2009,Gávea Filmes E Produções,Distribuição Nacional,2596,2596,16555.5,16555.5,1,1,1,1
2009,Imagem,Distribuição Nacional,6967868,2624229,59948695.0,22549721.18,44,6,31,4
2009,Imovision,Distribuição Nacional,545507,62023,4797885.37,522370.68,61,13,25,5
2009,Já Filmes,Distribuição Nacional,1680,1680,7456.5,7456.5,2,2,0,0
2009,Labovideo Produções Artísticas,Distribuição Nacional,706,706,3862.0,3862.0,1,1,0,0
2009,Miração Filmes,Distribuição Nacional,6026,6026,41827.75,41827.75,1,1,1,1
2009,Mirasul,Distribuição Nacional,104,104,1061.0,1061.0,1,1,1,1
2009,Moviemobz,Distribuição Nacional,234903,37775,2093227.77,319849.45,18,2,16,2
2009,Moviemobz/Riofilme,Distribuição Nacional,74780,74780,724055.76,724055.76,3,3,3,3
2009,O2 Cinema,Distribuição Nacional,591,591,3034.0,3034.0,1,1,1,1
2009,Panda Filmes,Distribuição Nacional,10158,6838,49893.23,26667.23,12,5,7,3
2009,Pandora Filmes,Distribuição Nacional,137245,13448,1143180.8,89541.84,40,11,10,4
2009,Paramount,Distribuição Internacional,8076514,42793,66189369.0,263675.0,17,3,10,1
2009,Paris,Distribuição Nacional,8147077,3238,66210010.61,14678.17,29,1,18,0
2009,Pequena Central,Distribuição Nacional,4532,4532,19171.5,19171.5,2,2,2,2
2009,Pipa Produções,Distribuição Nacional,5511,5511,22811.0,22811.0,6,6,3,3
2009,Playarte,Distribuição Nacional,5368159,284121,46419448.09,2073227.45,33,3,21,2
2009,Polifilmes,Distribuição Nacional,7847,7512,45320.54,44106.07,9,8,3,3
2009,Polifilmes/Topázio Filmes,Distribuição Nacional,625,625,5018.4,5018.4,1,1,1,1
2009,Portfolium Laboratório De Imagens,Distribuição Nacional,221,221,1863.0,1863.0,1,1,1,1
2009,Prana Filmes,Distribuição Nacional,2313,2313,23001.98,23001.98,1,1,1,1
2009,Raiz Distribuidora,Distribuição Nacional,318,318,954.0,954.0,1,1,0,0
2009,Rec Produtores,Distribuição Nacional,736,736,2616.0,2616.0,1,1,1,1
2009,República Pureza,Distribuição Nacional,3546,3546,31690.0,31690.0,1,1,1,1
2009,Riofilme,Distribuição Nacional,2971,2971,14113.77,14113.77,7,7,1,1
2009,Sereia Filmes,Distribuição Nacional,2650,2650,15022.15,15022.15,1,1,1,1
2009,Serendip,Distribuição Nacional,556,0,4305.0,0.0,1,0,0,0
2009,Serendip/Art Films,Distribuição Nacional,21603,21603,180751.02,180751.02,1,1,1,1
2009,Sony,Distribuição Internacional,28257224,1215036,247728888.7,8561300.45,68,15,37,2
2009,Sony/Downtown,Codistribuição Internacional-Nacional,316077,316077,2640159.02,2640159.02,1,1,1,1
2009,Superfilmes,Distribuição Nacional,6784,6784,98555.5,98555.5,1,1,1,1
2009,T.A.O. Produções Artisticas,Distribuição Nacional,609,609,3887.0,3887.0,1,1,1,1
2009,Universal,Distribuição Internacional,6517331,194577,58695713.0,1531976.0,25,5,19,3
2009,Usina Digital,Distribuição Nacional,2487,2487,13227.5,13227.5,3,3,0,0
2009,Videofilmes,Distribuição Nacional,38980,38794,307378.51,306338.01,10,8,3,3
2009,Warner,Distribuição Internacional,13202890,2514362,112711984.0,21645428.0,20,4,12,2
2009,Youle Filmes,Distribuição Nacional,19,19,186.0,186.0,1,1,1,1
2010,Ab Filmes,Distribuição Nacional,50788,0,481645.78,0.0,4,0,4,0
2010,Accorde Audiovisuais,Distribuição Nacional,73756,73756,285684.55,285684.55,2,2,2,2
2010,Anavilhana,Distribuição Nacional,818,818,6679.4,6679.4,2,2,2,2
2010,Bonfilm,Distribuição Nacional,4703,0,42963.9,0.0,1,0,1,0
2010,Bras Filmes,Distribuição Nacional,24149,24149,176323.29,176323.29,1,1,1,1
2010,Caliban,Distribuição Nacional,9572,9572,74824.88,74824.88,1,1,1,1
2010,Califórnia,Distribuição Nacional,1739932,0,16422619.15,0.0,16,0,10,0
2010,Casa Azul,Distribuição Nacional,49,49,236.0,236.0,1,1,0,0
2010,Ciclorama Filmes,Distribuição Nacional,7431,7431,60280.74,60280.74,1,1,1,1
2010,Cinegrama,Distribuição Nacional,34,34,183.5,183.5,1,1,0,0
2010,Copacabana Filmes,Distribuição Nacional,1496,1496,13908.0,13908.0,1,1,1,1
2010,Downtown,Distribuição Nacional,14823,14823,79075.0,79075.0,5,5,1,1
2010,Downtown/Europa,Distribuição Nacional,848494,848494,7065555.9,7065555.9,1,1,1,1
2010,Downtown/Paris,Distribuição Nacional,447822,447822,3711269.2,3711269.2,1,1,0,0
2010,Downtown/Riofilme,Distribuição Nacional,27382,27382,218374.42,218374.42,3,3,1,1
2010,Downtown/Videofilmes,Distribuição Nacional,1328,1328,6567.0,6567.0,1,1,0,0
2010,Espaço Filmes,Distribuição Nacional,86964,86964,763358.01,763358.01,9,9,9,9
2010,Espaço Itaú De Cinema,Distribuição Nacional,8601,0,165283.5,0.0,1,0,1,0
2010,Europa,Distribuição Nacional,637851,112320,6083130.16,877595.95,24,7,13,5
2010,Europa/Riofilme,Distribuição Nacional,1459323,1459323,12671167.31,12671167.31,3,3,2,2
2010,Filmes Da Mostra,Distribuição Nacional,116134,0,1075885.32,0.0,13,0,5,0
2010,Filmes Do Estação,Distribuição Nacional,26266,293,233472.65,2486.0,7,2,0,0
2010,Filmes Do Rio De Janeiro,Distribuição Nacional,453,453,3955.71,3955.71,1,1,1,1
2010,Fox,Distribuição Internacional,25081393,4171459,232613226.0,36906484.0,32,7,18,3
2010,G7 Cinema,Distribuição Nacional,36138,36138,355801.48,355801.48,3,3,3,3
2010,Gávea Filmes E Produções,Distribuição Nacional,1036,1036,5304.5,5304.5,1,1,1,1
2010,Idéia Forte,Distribuição Nacional,929,929,8588.0,8588.0,1,1,1,1
2010,Imagem,Distribuição Nacional,4318689,43505,41399022.73,340245.04,40,4,30,2
2010,Imovision,Distribuição Nacional,714197,32077,6780813.44,310010.61,54,7,28,2
2010,M. Schmiedt Produções,Distribuição Nacional,2115,2115,10253.0,10253.0,1,1,1,1
2010,Miração Filmes,Distribuição Nacional,73,73,276.0,276.0,1,1,0,0
2010,Moro Comunicação,Distribuição Nacional,1205,1205,6908.0,6908.0,1,1,1,1
2010,Moviemobz,Distribuição Nacional,10741,1589,178735.6,14321.8,9,2,3,1
2010,Moviemobz/Riofilme,Distribuição Nacional,2667,2667,23410.0,23410.0,3,3,0,0
2010,Panda Filmes,Distribuição Nacional,16843,12806,64633.02,33089.72,4,1,0,0
2010,Pandora Filmes,Distribuição Nacional,126478,14740,1084352.72,107209.91,32,5,9,2
2010,Paramount,Distribuição Internacional,19343121,390346,185576728.0,3483041.0,13,2,13,2
2010,Paris,Distribuição Nacional,8938884,433,77483672.51,4066.0,34,1,24,1
2010,Pipa Produções,Distribuição Nacional,2679,1489,9833.5,3734.0,4,3,1,0
2010,Playarte,Distribuição Nacional,4499544,1248097,39394612.94,8337523.98,35,4,25,2
2010,Polifilmes,Distribuição Nacional,4233,4063,32207.45,30934.45,5,4,3,3
2010,Raiz Distribuidora,Distribuição Nacional,57443,57443,172111.7,172111.7,5,5,0,0
2010,Santa Fé Filmes,Distribuição Nacional,1661,1661,14122.0,14122.0,1,1,1,1
2010,Sereia Filmes,Distribuição Nacional,73,73,171.0,171.0,1,1,0,0
2010,Serendip,Distribuição Nacional,39226,0,345126.52,0.0,6,0,6,0
2010,Símio Filmes,Distribuição Nacional,1809,1809,9312.0,9312.0,1,1,1,1
2010,Sony,Distribuição Internacional,26984602,1548962,257809217.66,12620518.34,63,13,33,4
2010,Sony/Downtown,Codistribuição Internacional-Nacional,3414241,3414241,30283798.77,30283798.77,2,2,1,1
2010,Sony/Riofilme,Codistribuição Internacional-Nacional,155744,155744,1350474.16,1350474.16,1,1,1,1
2010,T.A.O. Produções Artisticas,Distribuição Nacional,879,879,2178.0,2178.0,1,1,0,0
2010,Universal,Distribuição Internacional,7002618,0,65781012.0,0.0,17,0,12,0
2010,Usina Digital,Distribuição Nacional,1805,1805,12227.75,12227.75,1,1,1,1
2010,Vega Filmes,Distribuição Nacional,85,85,908.0,908.0,1,1,1,1
2010,Videofilmes,Distribuição Nacional,89087,89087,817308.91,817308.91,5,5,4,4
2010,Vitrine Filmes,Distribuição Nacional,2368,2368,14778.71,14778.71,3,3,2,2
2010,Walper Ruas,Distribuição Nacional,2822,2822,21042.5,21042.5,1,1,1,1
2010,Warner,Distribuição Internacional,17072980,8971,164502240.37,73412.0,25,4,18,1
2010,Warner/Riofilme,Codistribuição Internacional-Nacional,296739,296739,2246886.0,2246886.0,1,1,1,1
2010,Zazen,Distribuição Nacional,11023475,11023475,102320114.16,102320114.16,1,1,1,1
2011,Ab Filmes,Distribuição Nacional,35255,0,353514.15,0.0,6,0,3,0
2011,Ab Filmes/Festival Filmes,Distribuição Nacional,4268,4268,43090.91,43090.91,1,1,1,1
2011,Accorde Audiovisuais,Distribuição Nacional,16611,16611,46176.0,46176.0,1,1,0,0
2011,Activity Filmes,Distribuição Nacional,2070,0,16135.79,0.0,1,0,1,0
2011,Art Films,Distribuição Nacional,237,0,1435.0,0.0,1,0,0,0
2011,Bonfilm,Distribuição Nacional,10110,0,93444.58,0.0,2,0,1,0
2011,Bras Filmes,Distribuição Nacional,1330,1330,3198.0,3198.0,1,1,0,0
2011,Business Telecom,Distribuição Nacional,798,798,3958.0,3958.0,1,1,1,1
2011,Caliban,Distribuição Nacional,54,54,650.35,650.35,1,1,0,0
2011,Califórnia,Distribuição Nacional,1362456,136,15627702.78,885.0,18,1,13,1
2011,Camisa Treze,Distribuição Nacional,2897,2897,30576.5,30576.5,1,1,1,1
2011,Carioca,Distribuição Nacional,173,173,1415.0,1415.0,1,1,1,1
2011,Cinemark Brasil,Distribuição Nacional,30619,21842,429087.0,291939.0,2,1,2,1
2011,Copacabana Filmes,Distribuição Nacional,21261,21261,180122.67,180122.67,3,3,1,1
2011,Disney,Distribuição Internacional,12424433,1194628,126700553.84,10742238.99,12,1,10,1
2011,Downtown,Distribuição Nacional,89694,89694,777142.59,777142.59,4,4,4,4
2011,Downtown/Europa,Distribuição Nacional,239,239,478.0,478.0,1,1,0,0
2011,Downtown/Paris,Distribuição Nacional,3058730,3058730,27322509.56,27322509.56,1,1,1,1
2011,Downtown/Paris/Riofilme,Distribuição Nacional,2959460,2959460,28030183.67,28030183.67,1,1,1,1
2011,Downtown/Riofilme,Distribuição Nacional,413851,413851,3355752.35,3355752.35,3,3,3,3
2011,Enquadramento Produções,Distribuição Nacional,56,56,353.0,353.0,1,1,1,1
2011,Esfera Produções,Distribuição Nacional,33590,0,372248.21,0.0,2,0,2,0
2011,Espaço Filmes,Distribuição Nacional,77747,77747,780650.87,780650.87,11,11,9,9
2011,Espaço Itaú De Cinema,Distribuição Nacional,11699,0,226914.0,0.0,2,0,1,0
2011,Europa,Distribuição Nacional,116148,35132,1069736.19,261338.11,18,6,6,2
2011,Europa/Riofilme,Distribuição Nacional,143128,143128,1163340.59,1163340.59,2,2,0,0
2011,F.J. Vídeo,Distribuição Nacional,557,0,1206.0,0.0,3,0,2,0
2011,Filmes Da Mostra,Distribuição Nacional,43045,0,418886.36,0.0,12,0,3,0
2011,Filmes Do Estação,Distribuição Nacional,80468,74976,705672.47,650882.72,8,2,4,2
2011,Formosa Filmes,Distribuição Nacional,1370,1370,11170.55,11170.55,1,1,1,1
2011,Fox,Distribuição Internacional,22750838,2186037,238408891.4,20563567.52,29,7,21,4
2011,Gávea Filmes E Produções,Distribuição Nacional,4040,4040,29158.7,29158.7,2,2,1,1
2011,Imagem,Distribuição Nacional,9422035,1720421,96068303.88,15878617.51,43,9,30,7
2011,Imagem/Riofilme,Distribuição Nacional,2176999,2176999,20038362.43,20038362.43,1,1,1,1
2011,Imovision,Distribuição Nacional,1011382,42194,10682235.88,466903.0,62,7,31,2
2011,Leão Filmes,Distribuição Nacional,8088,8088,13509.5,13509.5,1,1,1,1
2011,Lume Produções Cinematográficas,Distribuição Nacional,24661,0,217873.11,0.0,6,0,6,0
2011,Miração Filmes,Distribuição Nacional,828,828,3201.59,3201.59,1,1,1,1
2011,Mobz,Distribuição Nacional,47314,0,905526.44,0.0,2,0,2,0
2011,Panda Filmes,Distribuição Nacional,10218,2285,84111.52,19267.68,5,3,4,2
2011,Pandora Filmes,Distribuição Nacional,65369,13190,574166.42,94422.03,25,6,6,3
2011,Paramount,Distribuição Internacional,24253226,1283545,252000886.0,11967157.0,21,3,17,1
2011,Paris,Distribuição Nacional,13801567,912676,136992869.42,8288698.51,36,3,23,3
2011,Petrini,Distribuição Nacional,25553,0,216244.89,0.0,4,0,3,0
2011,Pipa Produções,Distribuição Nacional,33130,31912,260124.51,250448.51,6,5,6,5
2011,Playarte,Distribuição Nacional,3199162,115807,34896890.05,1035570.84,28,4,17,1
2011,Polifilmes,Distribuição Nacional,23712,23712,205232.9,205232.9,9,9,6,6
2011,Polifilmes/Lapfilme,Distribuição Nacional,3469,3469,32011.56,32011.56,1,1,1,1
2011,Raiz Distribuidora,Distribuição Nacional,171463,171463,516760.05,516760.05,14,14,3,3
2011,Schürmann,Distribuição Nacional,9821,9821,101249.85,101249.85,1,1,1,1
2011,Serendip,Distribuição Nacional,110142,0,1161600.33,0.0,9,0,5,0
2011,Sony,Distribuição Internacional,19652349,46759,194832720.1,400408.84,43,10,17,1
2011,Sony/Downtown,Codistribuição Internacional-Nacional,65,65,161.0,161.0,1,1,0,0
2011,Sony/Riofilme,Codistribuição Internacional-Nacional,4783,4783,14447.5,14447.5,1,1,0,0
2011,Tucumán,Distribuição Nacional,1172,0,12561.15,0.0,1,0,1,0
2011,Tva2 Produções,Distribuição Nacional,251,251,1745.05,1745.05,1,1,1,1
2011,Universal,Distribuição Internacional,6329264,593861,59818790.0,5881678.0,17,2,11,1
2011,Videofilmes,Distribuição Nacional,10436,10436,96645.82,96645.82,5,5,4,4
2011,Vinny Filmes,Distribuição Nacional,828408,0,7919553.22,0.0,5,0,5,0
2011,Vitrine Filmes,Distribuição Nacional,26677,25512,212897.01,202101.01,17,16,14,13
2011,Warner,Distribuição Internacional,18131124,54563,184760347.36,536448.0,37,3,21,2
2011,Warner/Riofilme,Codistribuição Internacional-Nacional,3426,3426,10198.0,10198.0,1,1,0,0
2011,Zazen,Distribuição Nacional,123248,123248,1141039.58,1141039.58,1,1,0,0
2012,Ab Filmes,Distribuição Nacional,13507,0,151492.28,0.0,3,0,2,0
2012,Ab Filmes/Festival Filmes,Distribuição Nacional,118,118,749.0,749.0,1,1,0,0
2012,Ab Filmes/Polifilmes,Distribuição Nacional,7149,7149,71046.47,71046.47,1,1,1,1
2012,Affonso Uchôa,Distribuição Nacional,321,321,1488.5,1488.5,1,1,1,1
2012,Bollywood Filmes,Distribuição Nacional,1355,0,12518.21,0.0,1,0,1,0
2012,Bonfilm,Distribuição Nacional,141,0,910.5,0.0,1,0,0,0
2012,Caliban,Distribuição Nacional,4493,4493,40278.5,40278.5,1,1,1,1
2012,Califórnia,Distribuição Nacional,1763263,38739,21285077.06,393592.81,22,1,16,1
2012,Canal Azul,Distribuição Nacional,691,691,7719.0,7719.0,1,1,1,1
2012,Carioca,Distribuição Nacional,60,60,190.75,190.75,1,1,0,0
2012,Casa Azul,Distribuição Nacional,39,39,415.0,415.0,1,1,1,1
2012,Ciclorama Filmes,Distribuição Nacional,322,322,1692.0,1692.0,1,1,1,1
2012,Copacabana Filmes,Distribuição Nacional,96,96,320.0,320.0,1,1,0,0
2012,Disney,Distribuição Internacional,17141172,0,200716283.11,0.0,16,0,7,0
2012,Downtown,Distribuição Nacional,48739,48739,511058.02,511058.02,5,5,2,2
2012,Downtown/Paris/Riofilme,Distribuição Nacional,9970033,9970033,101054281.79,101054281.79,6,6,6,6
2012,Downtown/Riofilme,Distribuição Nacional,96357,96357,1026880.87,1026880.87,2,2,1,1
2012,Elo Company,Distribuição Nacional,681,681,8576.42,8576.42,1,1,1,1
2012,Empresa Cinematográfica Pampeana,Distribuição Nacional,970,970,8524.81,8524.81,1,1,1,1
2012,Esfera Produções,Distribuição Nacional,41931,0,498241.61,0.0,8,0,6,0
2012,Espaço Filmes,Distribuição Nacional,21847,21847,228387.88,228387.88,7,7,5,5
2012,Espaço Itaú De Cinema,Distribuição Nacional,1639,0,34470.12,0.0,2,0,1,0
2012,Filmes Da Mostra,Distribuição Nacional,16860,0,152203.82,0.0,11,0,5,0
2012,Filmes Do Estação,Distribuição Nacional,24885,54,222280.89,321.0,5,1,1,0
2012,Formosa Filmes,Distribuição Nacional,18,18,192.0,192.0,1,1,0,0
2012,Fox,Distribuição Internacional,21096097,160554,219680717.47,1492417.77,25,3,15,1
2012,Fraiha Produções,Distribuição Nacional,980,980,10098.24,10098.24,1,1,1,1
2012,G7 Cinema,Distribuição Nacional,13609,13609,161692.46,161692.46,1,1,1,1
2012,Gávea Filmes E Produções,Distribuição Nacional,2263,2263,13943.21,13943.21,2,2,1,1
2012,Graça Filmes,Distribuição Nacional,292796,0,2652680.52,0.0,1,0,1,0
2012,Grafo Audiovisual,Distribuição Nacional,1884,1884,16751.1,16751.1,1,1,1,1
2012,H2O Films,Distribuição Nacional,4329,4329,42923.81,42923.81,1,1,1,1
2012,H2O Films/Riofilme,Distribuição Nacional,61312,61312,453499.97,453499.97,2,2,2,2
2012,Ideias Maria Farinha,Distribuição Nacional,2744,2744,29153.99,29153.99,1,1,1,1
2012,Imagem,Distribuição Nacional,12419712,689494,136702831.17,6753605.8,44,8,29,3
2012,Imovision,Distribuição Nacional,1027417,114470,11857567.73,1204043.12,56,6,34,5
2012,Kinofilmes Produções,Distribuição Nacional,279,279,3191.0,3191.0,1,1,1,1
2012,Leão Filmes,Distribuição Nacional,53,53,299.0,299.0,1,1,0,0
2012,Lume Produções Cinematográficas,Distribuição Nacional,31975,1486,257175.31,9596.31,14,2,8,2
2012,Mapa Filmes Do Brasil,Distribuição Nacional,597,597,6041.5,6041.5,1,1,0,0
2012,Maxie Demian,Distribuição Nacional,283,283,2015.0,2015.0,1,1,1,1
2012,Mercúrio Produções,Distribuição Nacional,9489,9489,42378.9,42378.9,1,1,1,1
2012,Mirada Filmes,Distribuição Nacional,162,162,1756.0,1756.0,1,1,1,1
2012,Mobz,Distribuição Nacional,2770,2770,34233.47,34233.47,1,1,1,1
2012,Moviola Filmes,Distribuição Nacional,460,460,2856.0,2856.0,1,1,1,1
2012,Okna Produções,Distribuição Nacional,447,447,2207.0,2207.0,1,1,1,1
2012,Outros Filmes Produções,Distribuição Nacional,576,576,3480.0,3480.0,2,2,2,2
2012,Panda Filmes,Distribuição Nacional,4648,0,40689.0,0.0,1,0,1,0
2012,Pandora Filmes,Distribuição Nacional,68267,4163,683995.57,31565.14,21,4,8,1
2012,Paramount,Distribuição Internacional,12716639,170471,142273551.0,1883285.0,12,1,9,1
2012,Paris,Distribuição Nacional,17631287,370624,189518045.7,3879782.74,39,1,31,1
2012,Petrini,Distribuição Nacional,32605,0,333179.0,0.0,4,0,2,0
2012,Pipa Produções,Distribuição Nacional,1386,1386,10651.48,10651.48,3,3,1,1
2012,Playarte,Distribuição Nacional,1753221,288900,19610848.59,3300873.17,23,2,12,1
2012,Polifilmes,Distribuição Nacional,1843,1843,10192.01,10192.01,7,7,0,0
2012,Polifilmes/Asacine,Distribuição Nacional,499,499,4723.27,4723.27,1,1,1,1
2012,Prana Filmes,Distribuição Nacional,1546,1546,10961.9,10961.9,1,1,1,1
2012,Quimera Filmes,Distribuição Nacional,14,14,225.0,225.0,1,1,0,0
2012,Raiz Distribuidora,Distribuição Nacional,322,322,3053.53,3053.53,3,3,0,0
2012,Refinaria Produções,Distribuição Nacional,145,145,1012.0,1012.0,1,1,1,1
2012,Riofilme,Distribuição Nacional,3546,3546,33765.5,33765.5,1,1,1,1
2012,Serendip,Distribuição Nacional,33692,0,318864.11,0.0,7,0,3,0
2012,Signopus,Distribuição Nacional,7916,7916,71505.59,71505.59,1,1,1,1
2012,Sony,Distribuição Internacional,21791110,75217,254267016.35,864400.25,29,2,19,1
2012,Sony/Downtown,Codistribuição Internacional-Nacional,377887,377887,3898283.67,3898283.67,1,1,1,1
2012,Sony/Riofilme,Codistribuição Internacional-Nacional,46735,46735,537896.75,537896.75,2,2,1,1
2012,Terra Firme,Distribuição Nacional,548,548,5776.0,5776.0,1,1,1,1
2012,Tigre Produções Cinematográficas,Distribuição Nacional,19674,19674,47125.51,47125.51,1,1,1,1
2012,Tucumán,Distribuição Nacional,5638,2184,47473.98,12777.68,3,1,3,1
2012,Universal,Distribuição Internacional,9162708,5147,95915553.0,50074.0,17,1,14,1
2012,Videofilmes,Distribuição Nacional,92,92,411.0,411.0,2,2,0,0
2012,Vinny Filmes,Distribuição Nacional,648161,218938,6689303.24,1913570.08,26,2,20,2
2012,Vitrine Filmes,Distribuição Nacional,36285,36285,311116.22,311116.22,14,14,6,6
2012,Vpc Cinemavídeo,Distribuição Nacional,1856,1856,14074.5,14074.5,1,1,1,1
2012,Warner,Distribuição Internacional,17716110,2357104,197348198.0,23603078.0,28,4,17,2
2012,Zazen,Distribuição Nacional,402852,402852,3963582.33,3963582.33,1,1,1,1
2013,Ab Filmes/Polifilmes,Distribuição Nacional,1200,1200,11586.13,11586.13,2,2,1,1
2013,Alphaville Filmes,Distribuição Nacional,182445,0,2186898.81,0.0,10,0,10,0
2013,Arthouse,Distribuição Nacional,767,767,10025.35,10025.35,2,2,2,2
2013,Bela Filmes,Distribuição Nacional,553,553,3939.68,3939.68,1,1,1,1
2013,Bonfilm,Distribuição Nacional,23,0,281.95,0.0,1,0,0,0
2013,Brazukah Produções Culturais,Distribuição Nacional,153,153,1300.19,1300.19,1,1,1,1
2013,Bretz Filmes/Riofilme,Distribuição Nacional,8831,8831,94502.95,94502.95,1,1,1,1
2013,Busca Vida Filmes,Distribuição Nacional,1334,1334,17278.01,17278.01,1,1,1,1
2013,Cafco Filmes,Distribuição Nacional,17480,0,210423.51,0.0,2,0,2,0
2013,Califórnia,Distribuição Nacional,799791,18175,9878915.6,185132.62,25,3,20,3
2013,Canal Brasil,Distribuição Nacional,8097,8097,96523.98,96523.98,1,1,1,1
2013,Cesar Augusto Gananian,Distribuição Nacional,867,867,13260.91,13260.91,1,1,1,1
2013,Cicatrix Filmes,Distribuição Nacional,4032,4032,31674.35,31674.35,1,1,1,1
2013,Ciclorama Filmes,Distribuição Nacional,1262,1262,11903.08,11903.08,1,1,0,0
2013,Cine Santa Teresa,Distribuição Nacional,2285,2285,17781.5,17781.5,1,1,1,1
2013,Cinema Cinema Produções,Distribuição Nacional,496,496,4752.93,4752.93,1,1,1,1
2013,Cinevideo Produções,Distribuição Nacional,521,521,6178.5,6178.5,1,1,1,1
2013,Copacabana Filmes,Distribuição Nacional,1591,1591,14828.67,14828.67,1,1,1,1
2013,Cultura Maior,Distribuição Nacional,1676,1676,21519.41,21519.41,1,1,1,1
2013,Diamond Films,Distribuição Nacional,1156042,0,13841235.06,0.0,10,0,10,0
2013,Disney,Distribuição Internacional,24312178,818828,296349213.0,8954177.0,21,3,10,3
2013,Docdoma Filmes,Distribuição Nacional,750,750,5938.5,5938.5,1,1,1,1
2013,Downtown,Distribuição Nacional,15,15,232.0,232.0,1,1,1,1
2013,Downtown/Paris,Distribuição Nacional,12955183,12955183,141436440.89,141436440.89,7,7,7,7
2013,Downtown/Paris/Riofilme,Distribuição Nacional,4147267,4147267,43099264.29,43099264.29,4,4,1,1
2013,Downtown/Sony/Riofilme,Codistribuição Internacional-Nacional,353690,353690,3099476.47,3099476.47,1,1,1,1
2013,Drama Filmes,Distribuição Nacional,365,365,1104.0,1104.0,1,1,1,1
2013,E.H. Produções,Distribuição Nacional,6678,6678,75982.23,75982.23,3,3,3,3
2013,Elo Company,Distribuição Nacional,2658,2658,35428.62,35428.62,2,2,2,2
2013,Em Foco Multimídia,Distribuição Nacional,747,747,6899.22,6899.22,1,1,1,1
2013,Esfera Produções,Distribuição Nacional,308216,0,3919775.39,0.0,23,0,14,0
2013,Espaço Filmes,Distribuição Nacional,122559,118561,1430203.62,1382123.34,10,8,7,6
2013,Espaço Filmes/Videofilmes,Distribuição Nacional,2585,2585,31043.54,31043.54,1,1,1,1
2013,Espaço Itaú De Cinema,Distribuição Nacional,1667,0,31115.99,0.0,3,0,0,0
2013,Estação Elétrica Produções,Distribuição Nacional,183,183,1414.0,1414.0,1,1,1,1
2013,Europa,Distribuição Nacional,442369,197788,5197744.47,2059408.15,11,3,10,3
2013,Europa/Riofilme,Distribuição Nacional,1622046,1622046,17208325.26,17208325.26,2,2,2,2
2013,F. J. Cines,Distribuição Nacional,5079,0,35314.5,0.0,1,0,0,0
2013,Festival Filmes,Distribuição Nacional,248,248,3591.06,3591.06,1,1,1,1
2013,Filmes Da Mostra,Distribuição Nacional,21683,0,199460.74,0.0,15,0,7,0
2013,Fm Produções,Distribuição Nacional,120,120,1276.99,1276.99,1,1,1,1
2013,Formosa Filmes,Distribuição Nacional,769,769,10007.06,10007.06,1,1,1,1
2013,Forte Filmes,Distribuição Nacional,2002,2002,25387.81,25387.81,2,2,2,2
2013,Fox,Distribuição Internacional,18486428,125502,222002175.0,1302369.0,22,1,19,1
2013,Graça Filmes,Distribuição Nacional,1170,0,6456.5,0.0,1,0,0,0
2013,Grafo Audiovisual,Distribuição Nacional,98,98,280.0,280.0,1,1,0,0
2013,Grupo Storm,Distribuição Nacional,325,325,3178.0,3178.0,1,1,1,1
2013,Gullane Entretenimento,Distribuição Nacional,527,527,6479.84,6479.84,1,1,1,1
2013,H2O Films,Distribuição Nacional,99257,18135,1268177.62,197858.87,8,3,7,2
2013,H2O Films/Riofilme,Distribuição Nacional,13151,13151,115473.14,115473.14,3,3,1,1
2013,Imagem,Distribuição Nacional,9822007,4293576,109536811.26,45596917.54,37,7,30,5
2013,Imagem/Fox,Codistribuição Internacional-Nacional,1715763,1715763,18253649.24,18253649.24,1,1,1,1
2013,Imovision,Distribuição Nacional,893313,146688,10487861.54,1522848.98,66,9,37,6
2013,Instituto Via Br,Distribuição Nacional,1486,1486,17938.9,17938.9,1,1,1,1
2013,Jura Filmes,Distribuição Nacional,1102,1102,4554.35,4554.35,1,1,1,1
2013,Kino Filmes,Distribuição Nacional,444,444,2162.72,2162.72,1,1,1,1
2013,Lança Filmes,Distribuição Nacional,351,351,2449.33,2449.33,1,1,1,1
2013,Lume Produções Cinematográficas,Distribuição Nacional,10354,10216,95366.98,94422.98,8,4,4,4
2013,Maff Representação E Participação,Distribuição Nacional,2557,2557,32997.93,32997.93,1,1,1,1
2013,Mapa Filmes Do Brasil,Distribuição Nacional,518,518,3361.27,3361.27,1,1,0,0
2013,Moviola Filmes,Distribuição Nacional,67,67,153.0,153.0,1,1,0,0
2013,Oswaldo Montenegro Produções Artísticas,Distribuição Nacional,1971,1971,29109.04,29109.04,1,1,1,1
2013,Paleotv,Distribuição Nacional,1431,1431,6025.7,6025.7,1,1,1,1
2013,Panda Filmes,Distribuição Nacional,2674,2662,26381.74,26315.74,4,3,4,3
2013,Pandora Filmes,Distribuição Nacional,181889,12833,2006380.57,111942.69,19,6,12,5
2013,Paramount,Distribuição Internacional,10865786,0,139958652.0,0.0,12,0,10,0
2013,Paris,Distribuição Nacional,12782887,218,145078311.38,1090.0,53,1,32,0
2013,Pequi Filmes,Distribuição Nacional,25085,25085,262474.4,262474.4,1,1,1,1
2013,Pipa Produções,Distribuição Nacional,1991,1991,16213.53,16213.53,1,1,1,1
2013,Playarte,Distribuição Nacional,2137509,669,24318750.69,9608.42,16,1,10,0
2013,Polifilmes,Distribuição Nacional,16803,15876,96147.38,85622.78,5,4,3,2
2013,Prana Filmes,Distribuição Nacional,55,55,192.0,192.0,1,1,0,0
2013,Raconto Produções Artísticas,Distribuição Nacional,207,207,1630.0,1630.0,1,1,1,1
2013,Raiz Distribuidora,Distribuição Nacional,1219,1219,15310.15,15310.15,2,2,2,2
2013,Riofilme,Distribuição Nacional,103,103,615.0,615.0,1,1,0,0
2013,Serendip,Distribuição Nacional,100922,4550,1200226.17,51515.22,5,1,2,1
2013,Signopus,Distribuição Nacional,8600,8600,62408.52,62408.52,1,1,0,0
2013,Sony,Distribuição Internacional,14131074,18749,162044228.12,213112.75,20,1,14,0
2013,Sony/Downtown,Codistribuição Internacional-Nacional,200,200,266.0,266.0,1,1,0,0
2013,Sony/Riofilme,Codistribuição Internacional-Nacional,189113,189113,1965050.95,1965050.95,2,2,1,1
2013,Tgd Filmes,Distribuição Nacional,4326,4326,40853.73,40853.73,1,1,1,1
2013,Tigre Produções Cinematográficas,Distribuição Nacional,16908,16908,76447.52,76447.52,1,1,1,1
2013,Tucumán,Distribuição Nacional,25603,1857,268985.95,14469.52,9,3,7,2
2013,Tv Zero Cinema,Distribuição Nacional,797,797,6332.82,6332.82,1,1,1,1
2013,Universal,Distribuição Internacional,15118609,0,172077728.75,0.0,16,0,12,0
2013,Videofilmes,Distribuição Nacional,11023,11023,127590.8,127590.8,4,4,3,3
2013,Vilacine,Distribuição Nacional,4224,4224,49805.34,49805.34,1,1,1,1
2013,Vinny Filmes,Distribuição Nacional,139376,12,1603927.53,60.0,8,1,2,0
2013,Vitrine Filmes,Distribuição Nacional,199892,125789,2138357.74,1283590.67,20,18,15,13
2013,Warner,Distribuição Internacional,15955979,725732,198782553.63,7471327.0,19,2,12,1
2013,Zazen,Distribuição Nacional,775,775,6272.0,6272.0,1,1,1,1
2013,Zeta Filmes,Distribuição Nacional,43537,0,412150.04,0.0,4,0,4,0
2014,Ab Filmes,Distribuição Nacional,740,740,9678.4,9678.4,1,1,1,1
2014,Ab Filmes/Polifilmes,Distribuição Nacional,90,90,1110.3,1110.3,2,2,0,0
2014,Activity Filmes,Distribuição Nacional,94812,0,1284203.1,0.0,1,0,1,0
2014,Aiuê Filmes,Distribuição Nacional,2192,2192,21416.16,21416.16,1,1,1,1
2014,Alphaville Filmes,Distribuição Nacional,366439,0,4555119.6,0.0,14,0,8,0
2014,Arthouse,Distribuição Nacional,1516,1516,19711.55,19711.55,3,3,2,2
2014,Bela Filmes,Distribuição Nacional,192,192,1598.34,1598.34,1,1,0,0
2014,Biscoito Fino,Distribuição Nacional,2563,2563,33877.0,33877.0,1,1,1,1
2014,Boulevard Filmes,Distribuição Nacional,1071,1071,5941.0,5941.0,1,1,1,1
2014,Bretz Filmes,Distribuição Nacional,2356,0,17274.0,0.0,1,0,1,0
2014,Busca Vida Filmes,Distribuição Nacional,243,243,3099.43,3099.43,1,1,0,0
2014,Cafco Filmes,Distribuição Nacional,3430,0,43372.39,0.0,3,0,1,0
2014,Caliban,Distribuição Nacional,301,301,3516.04,3516.04,1,1,1,1
2014,Califórnia,Distribuição Nacional,3528794,136992,41578948.14,1778906.83,26,2,19,2
2014,Cavideo Produções,Distribuição Nacional,970,970,4875.0,4875.0,1,1,1,1
2014,Cine Group,Distribuição Nacional,1514,1514,21688.27,21688.27,1,1,1,1
2014,Cine Santa Teresa,Distribuição Nacional,355,355,0.0,0.0,1,1,0,0
2014,Cinemark Brasil,Distribuição Nacional,132074,0,1168269.44,0.0,24,0,0,0
2014,Copacabana Filmes,Distribuição Nacional,508901,508901,6447968.11,6447968.11,1,1,1,1
2014,Diamond Films,Distribuição Nacional,2213504,0,27377218.02,0.0,17,0,12,0
2014,Disney,Distribuição Internacional,23255762,1776579,297043224.0,20732500.0,29,1,18,1
2014,Downtown,Distribuição Nacional,1372,1372,17486.66,17486.66,1,1,1,1
2014,Downtown/Paris,Distribuição Nacional,11302757,11302757,130899741.17,130899741.17,21,21,16,16
2014,E.H. Produções,Distribuição Nacional,1754,1754,21364.82,21364.82,2,2,1,1
2014,Elo Company,Distribuição Nacional,15038,15038,198519.85,198519.85,7,7,7,7
2014,Esfera Produções,Distribuição Nacional,193002,0,2291324.06,0.0,31,0,13,0
2014,Espaço Filmes,Distribuição Nacional,150812,115236,1745963.14,1295551.67,27,20,16,13
2014,Espaço Filmes/Videofilmes,Distribuição Nacional,18,18,83.5,83.5,1,1,0,0
2014,Espaço Itaú De Cinema,Distribuição Nacional,620,0,12844.93,0.0,1,0,1,0
2014,Europa,Distribuição Nacional,241591,93287,2887315.15,1014063.11,16,2,11,2
2014,Europa/Riofilme,Distribuição Nacional,29,29,160.27,160.27,1,1,0,0
2014,F. J. Cines,Distribuição Nacional,10326,0,88022.0,0.0,3,0,1,0
2014,Filmes Da Mostra,Distribuição Nacional,14662,0,169528.88,0.0,9,0,6,0
2014,Fox,Distribuição Internacional,35615652,705300,443380702.0,8389625.0,32,3,19,2
2014,Graça Filmes,Distribuição Nacional,325588,0,3122035.74,0.0,2,0,2,0
2014,Grafo Audiovisual,Distribuição Nacional,86,86,334.0,334.0,1,1,0,0
2014,H2O Films,Distribuição Nacional,930680,409122,10897229.15,4558996.69,13,5,12,4
2014,Hype101,Distribuição Nacional,2120,0,28318.96,0.0,1,0,1,0
2014,Ideias Ideais/Nossa Distribuidora,Distribuição Nacional,4849,4849,59878.11,59878.11,1,1,1,1
2014,Ideias Maria Farinha,Distribuição Nacional,14892,14892,193057.4,193057.4,1,1,1,1
2014,Imagem,Distribuição Nacional,10268141,2280037,129219219.58,27383881.63,38,7,29,6
2014,Imovision,Distribuição Nacional,513466,104083,6451705.83,1190490.79,61,14,29,4
2014,Instituto Via Br,Distribuição Nacional,84,84,586.0,586.0,1,1,0,0
2014,Jura Filmes,Distribuição Nacional,120,120,1021.5,1021.5,1,1,0,0
2014,Kinofilmes Produções,Distribuição Nacional,12,12,42.0,42.0,1,1,0,0
2014,Kinoscópio,Distribuição Nacional,7563,7563,80229.75,80229.75,1,1,1,1
2014,Laurence Produções,Distribuição Nacional,2462,2462,14091.52,14091.52,1,1,1,1
2014,Livres Filmes,Distribuição Nacional,1449,1449,18590.87,18590.87,2,2,2,2
2014,Lotado Filmes,Distribuição Nacional,10865,10865,142564.19,142564.19,1,1,1,1
2014,Lume Produções Cinematográficas,Distribuição Nacional,10614,1274,110537.71,5798.0,11,2,6,1
2014,Maria Gorda Filmes,Distribuição Nacional,20,20,150.0,150.0,1,1,1,1
2014,Nossa Distribuidora,Distribuição Nacional,5759,5759,70112.29,70112.29,2,2,2,2
2014,O2 Play,Distribuição Nacional,5211,5211,66206.88,66206.88,2,2,2,2
2014,Okna Produções,Distribuição Nacional,3667,3667,37165.79,37165.79,1,1,1,1
2014,Panda Filmes,Distribuição Nacional,1108,919,12216.14,10586.14,3,2,2,2
2014,Pandora Filmes,Distribuição Nacional,88855,8484,1066351.53,73325.51,37,9,12,4
2014,Paramount,Distribuição Internacional,16851754,0,226022810.0,0.0,10,0,9,0
2014,Paris,Distribuição Nacional,9817903,0,119468817.52,0.0,43,0,26,0
2014,Pipa Produções,Distribuição Nacional,1591,1591,10167.77,10167.77,2,2,1,1
2014,Playarte,Distribuição Nacional,2005610,0,26112526.73,0.0,12,0,9,0
2014,Polifilmes,Distribuição Nacional,4954,3426,61027.3,43420.1,7,4,4,2
2014,Prana Filmes,Distribuição Nacional,39,39,100.0,100.0,1,1,0,0
2014,Raconto Produções Artísticas,Distribuição Nacional,91,91,903.0,903.0,1,1,1,1
2014,Raiz Distribuidora,Distribuição Nacional,1526,1526,18357.86,18357.86,4,4,2,2
2014,Santa Rita Filmes,Distribuição Nacional,25999,25999,327317.11,327317.11,1,1,1,1
2014,Signopus,Distribuição Nacional,77,77,184.3,184.3,1,1,0,0
2014,Sony,Distribuição Internacional,11456457,892367,143481276.4,9534966.69,21,2,13,2
2014,Tucumán,Distribuição Nacional,100681,1028,1222759.78,9044.5,15,3,9,2
2014,Tv Zero Cinema,Distribuição Nacional,1274,1274,17983.5,17983.5,1,1,1,1
2014,Uci,Distribuição Nacional,4899,0,129872.0,0.0,6,0,6,0
2014,Universal,Distribuição Internacional,6033413,259247,74008635.4,3040736.35,11,1,7,1
2014,Videofilmes,Distribuição Nacional,44,44,212.0,212.0,2,2,0,0
2014,Vitrine Filmes,Distribuição Nacional,255282,244593,2953019.51,2809753.88,22,19,9,8
2014,Warner,Distribuição Internacional,19168700,99069,248926440.0,1240111.0,37,2,18,1
2014,Ze'S Produções,Distribuição Nacional,366,366,4156.0,4156.0,1,1,1,1
2014,Zeta Filmes,Distribuição Nacional,19252,0,230107.15,0.0,10,0,6,0
2015,7Estrelo Filmes,Distribuição Nacional,2721,2721,33158.32,33158.32,1,1,1,1
2015,Abr Cine Vídeo,Distribuição Nacional,169,169,1328.08,1328.08,1,1,1,1
2015,Agência Observatório,Distribuição Nacional,722,722,11879.24,11879.24,1,1,1,1
2015,Alpha Filmes,Distribuição Nacional,121075,0,1648814.47,0.0,8,0,8,0
2015,Alphaville Filmes,Distribuição Nacional,399824,0,5631925.87,0.0,31,0,19,0
2015,Araçá Azul,Distribuição Nacional,427,427,5338.5,5338.5,1,1,1,1
2015,Arthouse,Distribuição Nacional,16521,16521,150698.29,150698.29,3,3,3,3
2015,Bela Filmes,Distribuição Nacional,307,307,3771.0,3771.0,1,1,1,1
2015,Biscoito Fino,Distribuição Nacional,777,777,9461.0,9461.0,1,1,0,0
2015,Bodhgaya Films,Distribuição Nacional,7680,7680,114746.33,114746.33,1,1,1,1
2015,Boulevard Filmes,Distribuição Nacional,10800,10800,79344.37,79344.37,3,3,3,3
2015,Bretz Filmes,Distribuição Nacional,27437,0,357582.77,0.0,6,0,5,0
2015,Califórnia,Distribuição Nacional,1522461,0,20326905.31,0.0,36,0,28,0
2015,Camisa Treze,Distribuição Nacional,1401,1401,17391.89,17391.89,1,1,1,1
2015,Cazion Films Brasil,Distribuição Nacional,384735,0,5014816.03,0.0,1,0,1,0
2015,Cine Group,Distribuição Nacional,750,750,9234.11,9234.11,1,1,0,0
2015,Cine Santa Teresa,Distribuição Nacional,5344,948,67784.35,12223.5,2,1,2,1
2015,Cinemark Brasil,Distribuição Nacional,137904,359,1864673.53,3245.5,24,1,6,0
2015,Cinépolis,Distribuição Nacional,7199,0,88087.6,0.0,1,0,1,0
2015,Clarissa Appelt Baptista San Roman,Distribuição Nacional,111,111,1368.55,1368.55,1,1,1,1
2015,Comalt,Distribuição Nacional,7352,7352,86229.49,86229.49,1,1,1,1
2015,Copacabana Filmes,Distribuição Nacional,10332,10332,210134.28,210134.28,1,1,1,1
2015,Cultura,Distribuição Nacional,308,308,4164.0,4164.0,1,1,1,1
2015,Daza Filmes,Distribuição Nacional,718,718,6933.14,6933.14,3,3,3,3
2015,Delícia Filmes,Distribuição Nacional,30141,30141,362537.74,362537.74,1,1,1,1
2015,Diamond Films,Distribuição Nacional,2468321,0,35371157.73,0.0,22,0,15,0
2015,Disney,Distribuição Internacional,29974466,0,417335567.62,0.0,37,0,9,0
2015,Downtown,Distribuição Nacional,3098,3098,38837.43,38837.43,2,2,2,2
2015,Downtown/Paris,Distribuição Nacional,12209393,12209393,147349606.57,147349606.57,22,22,15,15
2015,Downtown/Paris/Riofilme,Distribuição Nacional,47,47,156.0,156.0,1,1,0,0
2015,Dunamys Films,Distribuição Nacional,5112,0,55335.34,0.0,1,0,1,0
2015,E.H. Produções,Distribuição Nacional,1574,1574,13712.25,13712.25,1,1,0,0
2015,Elite Filmes,Distribuição Nacional,6262,523,90412.79,6695.92,3,1,3,1
2015,Elo Company,Distribuição Nacional,17710,17710,225136.77,225136.77,8,8,6,6
2015,Esfera Produções,Distribuição Nacional,109879,0,1356611.6,0.0,33,0,7,0
2015,Espaço Filmes,Distribuição Nacional,99465,25369,1355379.59,281077.09,25,15,7,2
2015,Espaço Filmes/Videofilmes,Distribuição Nacional,14498,14498,187626.54,187626.54,1,1,1,1
2015,Espaço Itaú De Cinema,Distribuição Nacional,197,0,4436.5,0.0,1,0,0,0
2015,Estrangeira Filmes,Distribuição Nacional,491,491,5809.0,5809.0,1,1,1,1
2015,Europa,Distribuição Nacional,364680,236077,4889011.56,3011378.69,13,5,8,4
2015,F. J. Cines,Distribuição Nacional,18073,0,227527.71,0.0,5,0,0,0
2015,Film Connection/Imovision,Distribuição Nacional,38073,38073,524238.74,524238.74,1,1,1,1
2015,Filmes Da Mostra,Distribuição Nacional,5106,0,62396.81,0.0,5,0,2,0
2015,Filmikka Produções,Distribuição Nacional,243,243,3301.0,3301.0,1,1,1,1
2015,Forte Filmes,Distribuição Nacional,3517,3517,49818.28,49818.28,1,1,1,1
2015,Fox,Distribuição Internacional,27476565,973744,362333813.1,12484846.0,48,3,26,2
2015,Fundação Maurício Grabois,Distribuição Nacional,260,260,4167.46,4167.46,1,1,1,1
2015,Gullane Entretenimento,Distribuição Nacional,153,153,2161.0,2161.0,1,1,1,1
2015,H2O Films,Distribuição Nacional,3585321,3422625,45402326.01,43271320.28,9,4,5,3
2015,Imagem,Distribuição Nacional,3960151,2444370,51346333.77,30115262.72,26,9,13,3
2015,Imagem/Conspiração,Distribuição Nacional,80335,80335,1026924.65,1026924.65,1,1,1,1
2015,Imovision,Distribuição Nacional,697928,30303,10038723.63,348036.74,85,19,43,5
2015,Internacional Produções De Cinema E Vídeo,Distribuição Nacional,22,22,245.66,245.66,1,1,1,1
2015,Lagoa Filmes,Distribuição Nacional,3119,3119,43810.37,43810.37,1,1,1,1
2015,Lança Filmes,Distribuição Nacional,5527,3455,65980.68,38562.69,3,2,3,2
2015,Livres Filmes,Distribuição Nacional,3275,3275,32904.11,32904.11,3,3,3,3
2015,Lotado Filmes,Distribuição Nacional,3478,3478,36280.99,36280.99,1,1,0,0
2015,Lume Produções Cinematográficas,Distribuição Nacional,725,50,8582.12,300.0,4,2,2,1
2015,Ma7 Filmes,Distribuição Nacional,385,385,6253.61,6253.61,1,1,1,1
2015,Maria Farinha Filmes,Distribuição Nacional,6868,5519,92160.12,73782.88,2,1,2,1
2015,Milocos Entretenimento,Distribuição Nacional,62250,62250,951307.58,951307.58,1,1,1,1
2015,Moro Comunicação,Distribuição Nacional,4363,4363,46830.91,46830.91,2,2,2,2
2015,Nossa Distribuidora,Distribuição Nacional,4406,4406,58928.76,58928.76,6,6,6,6
2015,O2 Play,Distribuição Nacional,1645,1645,35167.27,35167.27,1,1,1,1
2015,Pandora Filmes,Distribuição Nacional,566193,500658,7805337.64,6969522.81,25,8,9,5
2015,Pansport,Distribuição Nacional,3449,3449,37026.66,37026.66,1,1,1,1
2015,Paramount,Distribuição Internacional,10703927,0,147901007.0,0.0,8,0,5,0
2015,Paris,Distribuição Nacional,14495358,0,199196922.17,0.0,48,0,27,0
2015,Pipa Produções,Distribuição Nacional,627,627,4644.0,4644.0,1,1,1,1
2015,Playarte,Distribuição Nacional,641249,0,8628107.93,0.0,11,0,8,0
2015,Plural Filmes Sul,Distribuição Nacional,318,318,4948.16,4948.16,1,1,1,1
2015,Polifilmes,Distribuição Nacional,388,148,3361.0,1175.0,3,1,0,0
2015,Polifilmes/Plateau Filmes,Distribuição Nacional,1347,1347,13902.03,13902.03,1,1,1,1
2015,Preta Portê Filmes,Distribuição Nacional,719,719,10008.88,10008.88,1,1,1,1
2015,Raiz Distribuidora,Distribuição Nacional,5418,5418,50322.5,50322.5,10,10,6,6
2015,Sesc,Distribuição Nacional,587,587,8884.83,8884.83,1,1,1,1
2015,Sony,Distribuição Internacional,10384149,97697,143403611.82,1516551.78,18,1,14,1
2015,Supo Mungam Films,Distribuição Nacional,32402,0,418138.85,0.0,10,0,9,0
2015,Tia Maria Filmes,Distribuição Nacional,273,273,3914.0,3914.0,1,1,1,1
2015,Tremè Produções,Distribuição Nacional,1292,1292,16821.65,16821.65,1,1,1,1
2015,Tucumán,Distribuição Nacional,78887,2341,999199.23,28957.88,16,3,10,1
2015,Uci,Distribuição Nacional,29996,0,830938.5,0.0,11,0,10,0
2015,Universal,Distribuição Internacional,35954980,439446,498576453.22,5159604.63,28,2,20,1
2015,Universal Music Brasil,Distribuição Nacional,20565,0,420251.66,0.0,1,0,1,0
2015,Universal/Europa/Elo Company,Codistribuição Internacional-Nacional,1637032,1637032,21108060.56,21108060.56,1,1,1,1
2015,Urca Filme,Distribuição Nacional,11965,11965,178508.09,178508.09,1,1,1,1
2015,Vermelho Profundo,Distribuição Nacional,294,294,2804.0,2804.0,1,1,1,1
2015,Videofilmes,Distribuição Nacional,6689,6689,74647.54,74647.54,1,1,1,1
2015,Vilacine,Distribuição Nacional,6932,566,75503.85,5842.5,3,2,2,1
2015,Vinny Filmes,Distribuição Nacional,8581,8581,110064.97,110064.97,1,1,1,1
2015,Vitrine Filmes,Distribuição Nacional,104149,79865,1267417.16,924788.53,33,29,13,11
2015,Warner,Distribuição Internacional,14280018,14337,202276750.0,184598.0,30,1,18,1
2015,Zeta Filmes,Distribuição Nacional,110846,0,1375959.69,0.0,13,0,6,0
2016,2A Produções,Distribuição Nacional,59,59,320.0,320.0,1,1,1,1
2016,4 Ventos Comunicação,Distribuição Nacional,312,312,2600.0,2600.0,1,1,1,1
2016,7Estrelo Filmes,Distribuição Nacional,69,69,321.75,321.75,1,1,0,0
2016,Affonso Uchôa,Distribuição Nacional,1959,1959,16904.19,16904.19,1,1,1,1
2016,Águas De Março Filmes,Distribuição Nacional,5141,5141,64085.11,64085.11,1,1,1,1
2016,Alpha Filmes,Distribuição Nacional,40050,0,521344.3,0.0,7,0,4,0
2016,Alpha Filmes/Pandora Filmes,Distribuição Nacional,38,0,456.47,0.0,1,0,0,0
2016,Alphaville Filmes,Distribuição Nacional,515763,0,7842748.12,0.0,33,0,20,0
2016,Arthouse,Distribuição Nacional,11928,11928,153015.08,153015.08,3,3,2,2
2016,Bang Filmes,Distribuição Nacional,5080,5080,44764.81,44764.81,1,1,1,1
2016,Blest,Distribuição Nacional,238,238,2160.0,2160.0,1,1,1,1
2016,Bonfilm,Distribuição Nacional,11967,0,162426.13,0.0,1,0,1,0
2016,Boulevard Filmes,Distribuição Nacional,914,914,5307.0,5307.0,5,5,2,2
2016,Bretz Filmes,Distribuição Nacional,13378,0,164805.2,0.0,5,0,3,0
2016,Bretz Filmes/Videofilmes,Distribuição Nacional,3187,3187,48018.21,48018.21,1,1,1,1
2016,Califórnia,Distribuição Nacional,708807,0,9867160.98,0.0,33,0,19,0
2016,Camisa Treze,Distribuição Nacional,772,0,9434.0,0.0,1,0,1,0
2016,Cazion Films Brasil,Distribuição Nacional,223468,0,3126790.28,0.0,2,0,1,0
2016,Cazumbá Filmes,Distribuição Nacional,247,247,2635.08,2635.08,1,1,1,1
2016,Cigano Filmes,Distribuição Nacional,3368,3368,33682.11,33682.11,1,1,1,1
2016,Cine Group,Distribuição Nacional,698,698,5801.88,5801.88,1,1,1,1
2016,Cineart Filmes,Distribuição Nacional,4360,1601,51830.41,17491.5,2,1,2,1
2016,Cineluz Produções,Distribuição Nacional,592,592,7139.27,7139.27,1,1,1,1
2016,Cinemark Brasil,Distribuição Nacional,32068,0,502659.36,0.0,17,0,1,0
2016,Cinépolis,Distribuição Nacional,12722,0,199975.69,0.0,3,0,3,0
2016,Clarissa Appelt Baptista San Roman,Distribuição Nacional,31,31,120.0,120.0,1,1,0,0
2016,Com Domínio Filmes,Distribuição Nacional,1206,1206,17546.91,17546.91,1,1,1,1
2016,Comalt,Distribuição Nacional,225,225,3511.89,3511.89,2,2,1,1
2016,Conexão Cultural,Distribuição Nacional,11280,11280,129821.66,129821.66,2,2,2,2
2016,Cultura,Distribuição Nacional,55,55,268.0,268.0,1,1,0,0
2016,Cultura Maior,Distribuição Nacional,62,62,870.1,870.1,1,1,1,1
2016,Cv&F,Distribuição Nacional,53801,53801,723846.79,723846.79,1,1,1,1
2016,Diamond Films,Distribuição Nacional,2133871,187015,31939855.39,2801546.6,17,1,14,1
2016,Dilúvio Filmes,Distribuição Nacional,1875,1875,15140.15,15140.15,1,1,1,1
2016,Disney,Distribuição Internacional,39058991,153234,572064184.0,1935131.0,32,1,15,1
2016,Dm Filmes,Distribuição Nacional,339,339,3547.1,3547.1,1,1,1,1
2016,Documenta Produções,Distribuição Nacional,530,530,4657.77,4657.77,2,2,1,1
2016,Downtown,Distribuição Nacional,180,180,2354.76,2354.76,1,1,0,0
2016,Downtown/Paris,Distribuição Nacional,24826107,24826107,289438135.46,289438135.46,22,22,19,19
2016,E.H. Produções,Distribuição Nacional,836,836,9472.18,9472.18,1,1,1,1
2016,Elite Filmes,Distribuição Nacional,9159,1988,127775.88,25203.21,5,2,5,2
2016,Elo Company,Distribuição Nacional,43373,43373,622283.28,622283.28,6,6,4,4
2016,Esfera Produções,Distribuição Nacional,69101,15324,915398.76,209170.77,24,1,7,1
2016,Espaço Filmes,Distribuição Nacional,44365,37207,546877.63,456905.3,8,6,1,1
2016,Estação Luz Filmes,Distribuição Nacional,1912,0,21342.54,0.0,1,0,1,0
2016,Estrangeira Filmes,Distribuição Nacional,14,14,140.0,140.0,1,1,0,0
2016,Europa,Distribuição Nacional,71085,71085,1016161.89,1016161.89,10,10,9,9
2016,Europa/Vinny Filmes,Distribuição Nacional,12147,12147,167481.2,167481.2,1,1,1,1
2016,F. J. Cines,Distribuição Nacional,8230,0,90292.23,0.0,10,0,0,0
2016,Fênix Filmes,Distribuição Nacional,131667,7897,1896752.94,88387.65,13,2,13,2
2016,Film Connection/Imovision,Distribuição Nacional,2,2,23.4,23.4,1,1,0,0
2016,Filmes Da Mostra,Distribuição Nacional,8232,0,88537.6,0.0,8,0,3,0
2016,Flix Media,Distribuição Nacional,24832,24832,358359.07,358359.07,1,1,1,1
2016,Fox,Distribuição Internacional,30067672,227826,426992965.47,3205158.0,29,2,14,1
2016,Fundação Maurício Grabois,Distribuição Nacional,182,182,2042.26,2042.26,1,1,0,0
2016,Gatacine,Distribuição Nacional,1641,1641,23196.64,23196.64,1,1,1,1
2016,H2O Films,Distribuição Nacional,300612,65682,3896024.69,881272.99,3,2,3,2
2016,Heavy Bunker,Distribuição Nacional,533,533,8447.55,8447.55,1,1,1,1
2016,Imagem,Distribuição Nacional,5895255,3197486,81263187.12,40889679.11,28,8,20,7
2016,Imovision,Distribuição Nacional,402887,49771,5946795.91,594585.82,74,6,36,3
2016,Infinito Produções,Distribuição Nacional,5955,5955,82195.08,82195.08,1,1,1,1
2016,Inquieta Cinema Cultura E Comunicação,Distribuição Nacional,2822,2822,19675.8,19675.8,2,2,2,2
2016,Internacional Produções De Cinema E Vídeo,Distribuição Nacional,36,36,520.64,520.64,1,1,0,0
2016,Jacqueline Filmes/Livres Filmes,Distribuição Nacional,478,478,6344.44,6344.44,1,1,1,1
2016,Lança Filmes,Distribuição Nacional,4127,3252,46431.78,36586.77,7,6,3,3
2016,Lauper,Distribuição Nacional,18,18,282.73,282.73,1,1,1,1
2016,Lc Barreto Filmes,Distribuição Nacional,204,204,2919.5,2919.5,1,1,1,1
2016,Livres Filmes,Distribuição Nacional,2947,2947,26093.25,26093.25,4,4,3,3
2016,Lotado Filmes,Distribuição Nacional,63,63,437.0,437.0,1,1,0,0
2016,Lume Produções Cinematográficas,Distribuição Nacional,762,433,8526.22,4604.22,3,2,2,1
2016,Luz Xxi,Distribuição Nacional,196,196,2905.88,2905.88,1,1,1,1
2016,Maria Da Graça Hughes,Distribuição Nacional,1660,1660,22999.0,22999.0,1,1,1,1
2016,Maria Farinha Filmes,Distribuição Nacional,35194,35194,234170.91,234170.91,1,1,1,1
2016,Maverick,Distribuição Nacional,1141,0,16942.56,0.0,1,0,1,0
2016,Milocos Entretenimento,Distribuição Nacional,4811,4811,49975.0,49975.0,1,1,0,0
2016,Mira Filmes,Distribuição Nacional,241,241,2042.63,2042.63,1,1,1,1
2016,Moro Comunicação,Distribuição Nacional,76,76,597.0,597.0,1,1,0,0
2016,Nossa Distribuidora,Distribuição Nacional,459,459,2504.0,2504.0,1,1,0,0
2016,O2 Play,Distribuição Nacional,10660,10660,140584.94,140584.94,4,4,4,4
2016,Olé Produções,Distribuição Nacional,240,240,3155.83,3155.83,1,1,1,1
2016,Pandora Filmes,Distribuição Nacional,237569,18020,3560833.0,241157.22,24,9,14,6
2016,Paramount,Distribuição Internacional,6385623,0,95517233.0,0.0,16,0,12,0
2016,Paris,Distribuição Nacional,8372671,1297,114148242.02,20568.47,32,1,26,1
2016,Pipa Produções,Distribuição Nacional,392,392,4791.27,4791.27,1,1,1,1
2016,Pipoca & Filmes/Forte Filmes,Distribuição Nacional,9541,9541,133956.0,133956.0,1,1,1,1
2016,Pique-Bandeira Filmes,Distribuição Nacional,473,473,2936.0,2936.0,1,1,1,1
2016,Playarte,Distribuição Nacional,471931,0,6823668.0,0.0,13,0,10,0
2016,Polifilmes,Distribuição Nacional,215,215,1634.0,1634.0,2,2,2,2
2016,Ponto De Equilíbrio,Distribuição Nacional,390,390,2828.49,2828.49,1,1,1,1
2016,Primo Filmes,Distribuição Nacional,312,312,3913.0,3913.0,1,1,1,1
2016,Rafaela Gonçalves,Distribuição Nacional,69753,69753,893822.57,893822.57,1,1,1,1
2016,Raiz Distribuidora,Distribuição Nacional,1471,1471,14428.81,14428.81,6,6,2,2
2016,Sant'Ana Filmes,Distribuição Nacional,230,230,2775.64,2775.64,1,1,1,1
2016,Sato Company,Distribuição Nacional,14592,0,200762.88,0.0,3,0,3,0
2016,Sony,Distribuição Internacional,10963716,50473,158980855.35,734043.22,35,2,23,1
2016,Supo Mungam Films,Distribuição Nacional,30223,0,424727.12,0.0,17,0,14,0
2016,Telenews,Distribuição Nacional,47,47,270.0,270.0,1,1,0,0
2016,Tigre Produções Cinematográficas,Distribuição Nacional,16132,16132,80640.5,80640.5,1,1,1,1
2016,Trator Filmes,Distribuição Nacional,114,114,1520.34,1520.34,1,1,1,1
2016,Tremè Produções,Distribuição Nacional,517,517,4836.01,4836.01,1,1,0,0
2016,Tucumán,Distribuição Nacional,4909,3840,51584.67,40144.9,6,2,1,1
2016,Uci,Distribuição Nacional,6845,0,196126.0,0.0,6,0,0,0
2016,Universal,Distribuição Internacional,15925924,0,231652938.48,0.0,33,0,25,0
2016,Universal Music Brasil,Distribuição Nacional,222,0,3675.0,0.0,1,0,0,0
2016,Universal/Europa/Elo Company,Codistribuição Internacional-Nacional,1240,1240,11006.35,11006.35,1,1,0,0
2016,Vilacine,Distribuição Nacional,275,275,2758.0,2758.0,1,1,0,0
2016,Vitrine Filmes,Distribuição Nacional,480876,457896,6893881.11,6576737.97,40,34,15,11
2016,Walper Ruas,Distribuição Nacional,5197,5197,66005.52,66005.52,1,1,1,1
2016,Warner,Distribuição Internacional,36387021,674447,536615467.0,9220289.0,29,2,20,2
2016,Zazen,Distribuição Nacional,2663,2663,42132.53,42132.53,1,1,1,1
2016,Zeta Filmes,Distribuição Nacional,84711,0,1144271.14,0.0,17,0,8,0
2017,4 Ventos Comunicação,Distribuição Nacional,271,271,3288.15,3288.15,1,1,0,0
2017,Accorde Audiovisuais,Distribuição Nacional,93,93,665.0,665.0,1,1,1,1
2017,Águas De Março Filmes,Distribuição Nacional,49,49,265.0,265.0,1,1,0,0
2017,Alex Pires Duarte,Distribuição Nacional,3870,3870,52979.63,52979.63,1,1,1,1
2017,Alpha Filmes,Distribuição Nacional,46,0,271.36,0.0,1,0,0,0
2017,Alpha Filmes/Pandora Filmes,Distribuição Nacional,10568,0,143516.95,0.0,3,0,3,0
2017,Alphaville Filmes,Distribuição Nacional,263375,0,3676727.5,0.0,30,0,20,0
2017,Alphaville Filmes/Alpha Filmes,Distribuição Nacional,9170,0,116646.56,0.0,2,0,2,0
2017,Arthouse,Distribuição Nacional,10697,10697,118233.09,118233.09,4,4,4,4
2017,Bela Filmes,Distribuição Nacional,290,290,1417.5,1417.5,1,1,1,1
2017,Bonfilm,Distribuição Nacional,12652,0,167463.75,0.0,3,0,3,0
2017,Boulevard Filmes,Distribuição Nacional,28,28,247.0,247.0,1,1,0,0
2017,Bretz Filmes,Distribuição Nacional,13210,13126,230267.01,229717.01,3,2,2,2
2017,Bretz Filmes/Pagu Pictures,Distribuição Nacional,41314,41314,685647.29,685647.29,1,1,1,1
2017,Califórnia,Distribuição Nacional,934445,64,15028589.19,604.0,27,1,21,0
2017,Casa De Cinema De Porto Alegre,Distribuição Nacional,2041,2041,25791.53,25791.53,2,2,2,2
2017,Cavideo Produções,Distribuição Nacional,160,160,2386.06,2386.06,1,1,1,1
2017,Cigano Filmes,Distribuição Nacional,158,158,973.5,973.5,1,1,0,0
2017,Cineart Filmes,Distribuição Nacional,180121,0,2715673.23,0.0,11,0,10,0
2017,Cinecolor Do Brasil,Distribuição Nacional,45488,0,757387.84,0.0,3,0,1,0
2017,Cinemark Brasil,Distribuição Nacional,6515,0,135103.49,0.0,2,0,0,0
2017,Cinépolis,Distribuição Nacional,874,0,8381.88,0.0,1,0,1,0
2017,Com Domínio Filmes,Distribuição Nacional,408,408,6105.91,6105.91,1,1,1,1
2017,Complô,Distribuição Nacional,160,160,1650.29,1650.29,1,1,1,1
2017,Contents 360,Distribuição Nacional,114,0,2127.64,0.0,1,0,1,0
2017,Cultura,Distribuição Nacional,784,784,11842.49,11842.49,1,1,1,1
2017,Cv&F,Distribuição Nacional,36,36,270.0,270.0,1,1,0,0
2017,Daza Filmes,Distribuição Nacional,347,347,4070.47,4070.47,1,1,1,1
2017,Deberton Entretenimento,Distribuição Nacional,283,283,1830.0,1830.0,1,1,1,1
2017,Diamond Films,Distribuição Nacional,2059444,40,34057108.84,421.04,19,1,17,0
2017,Dilúvio Filmes,Distribuição Nacional,37,37,210.0,210.0,1,1,0,0
2017,Disney,Distribuição Internacional,33620937,3337,519569006.0,52203.0,17,1,8,1
2017,Documenta Produções,Distribuição Nacional,33,33,132.0,132.0,1,1,1,1
2017,Downtown/Paris,Distribuição Nacional,13184044,13184044,181905761.31,181905761.31,22,22,19,19
2017,E.H. Produções,Distribuição Nacional,55,55,681.0,681.0,1,1,0,0
2017,Ebisu Filmes,Distribuição Nacional,83,83,912.96,912.96,1,1,1,1
2017,Elite Filmes,Distribuição Nacional,1184,0,14296.87,0.0,4,0,2,0
2017,Elo Company,Distribuição Nacional,7069,7069,104310.16,104310.16,7,7,6,6
2017,Esfera Produções,Distribuição Nacional,44151,0,626597.8,0.0,7,0,5,0
2017,Espaço Dos Satyros,Distribuição Nacional,823,823,12251.0,12251.0,1,1,1,1
2017,Espaço Filmes,Distribuição Nacional,45369,0,705740.71,0.0,5,0,5,0
2017,Europa,Distribuição Nacional,103590,13138,1592968.83,198036.09,6,2,6,2
2017,F. J. Cines,Distribuição Nacional,4635,0,43095.0,0.0,9,0,0,0
2017,Fênix Filmes,Distribuição Nacional,72999,0,1118675.31,0.0,11,0,6,0
2017,Film Connection,Distribuição Nacional,42128,42128,586066.45,586066.45,2,2,2,2
2017,Filmes Da Mostra,Distribuição Nacional,2783,0,25938.05,0.0,7,0,2,0
2017,Filmes De Vagabundo,Distribuição Nacional,235,235,2120.0,2120.0,1,1,1,1
2017,Flix Media,Distribuição Nacional,22081,0,490751.18,0.0,2,0,1,0
2017,Fox,Distribuição Internacional,19433963,324996,293282865.54,4447116.0,24,2,17,2
2017,Gávea Filmes E Produções/Pipoca & Filmes,Distribuição Nacional,1638,1638,19889.08,19889.08,1,1,1,1
2017,H2O Films,Distribuição Nacional,811942,657860,11384264.14,9002896.7,9,3,8,3
2017,H2O Films/Sony,Codistribuição Internacional-Nacional,58453,58453,938543.45,938543.45,1,1,1,1
2017,H2O Films/Universal,Codistribuição Internacional-Nacional,401960,401960,5594424.97,5594424.97,1,1,1,1
2017,Imagem,Distribuição Nacional,2176320,809445,32940421.23,11268587.31,26,10,20,8
2017,Imagem-Tempo,Distribuição Nacional,3532,3532,47218.51,47218.51,1,1,1,1
2017,Imovision,Distribuição Nacional,742357,228240,11573060.64,3810696.14,59,5,33,3
2017,Indiana Produções Cinematográficas,Distribuição Nacional,91,91,1469.42,1469.42,1,1,1,1
2017,Inquieta Cinema Cultura E Comunicação,Distribuição Nacional,1062,1062,9401.35,9401.35,2,2,2,2
2017,Inquietude,Distribuição Nacional,2237,2237,23846.7,23846.7,1,1,1,1
2017,Josias Teófilo,Distribuição Nacional,14840,14840,272691.71,272691.71,1,1,1,1
2017,Lança Filmes,Distribuição Nacional,5195,530,70359.91,5265.8,8,6,3,2
2017,Livres Filmes,Distribuição Nacional,3451,3451,41116.83,41116.83,6,6,6,6
2017,Lume Produções Cinematográficas,Distribuição Nacional,6742,6742,68393.95,68393.95,2,2,2,2
2017,Lumolab,Distribuição Nacional,193,193,3370.0,3370.0,1,1,1,1
2017,Marcelo Machado,Distribuição Nacional,810,810,9235.02,9235.02,1,1,1,1
2017,Maria Da Graça Hughes,Distribuição Nacional,1389,1389,17148.0,17148.0,1,1,0,0
2017,Maria Farinha Filmes,Distribuição Nacional,2861,2827,34989.42,34808.92,2,1,1,1
2017,Modo Operante Produções,Distribuição Nacional,522,522,7020.45,7020.45,2,2,2,2
2017,Moro Comunicação,Distribuição Nacional,2180,2180,23575.07,23575.07,1,1,1,1
2017,Mosquito Project,Distribuição Nacional,43,43,1137.5,1137.5,1,1,1,1
2017,O2 Play,Distribuição Nacional,11224,11224,148988.39,148988.39,7,7,5,5
2017,Okna Produções,Distribuição Nacional,496,0,5858.7,0.0,1,0,1,0
2017,Olé Produções,Distribuição Nacional,530,530,8580.1,8580.1,1,1,1,1
2017,Olhar Distribuição,Distribuição Nacional,2813,2813,25442.08,25442.08,2,2,2,2
2017,Osmose Filmes,Distribuição Nacional,390,390,4453.7,4453.7,1,1,1,1
2017,Ouidah Films,Distribuição Nacional,488,488,6554.13,6554.13,1,1,1,1
2017,Panda Filmes,Distribuição Nacional,16408,16408,240713.27,240713.27,1,1,1,1
2017,Pandora Filmes,Distribuição Nacional,131467,3593,1849628.32,44392.81,22,7,15,5
2017,Paramount,Distribuição Internacional,9165202,0,136547949.0,0.0,18,0,12,0
2017,Paris,Distribuição Nacional,15520326,144,223162050.44,2669.32,42,2,30,1
2017,Paris/O2 Play,Distribuição Nacional,6280,6280,77573.34,77573.34,1,1,1,1
2017,Pindorama Filmes,Distribuição Nacional,120,120,2260.15,2260.15,1,1,1,1
2017,Pipa Produções,Distribuição Nacional,76,76,850.8,850.8,1,1,1,1
2017,Pipoca & Filmes/Forte Filmes,Distribuição Nacional,845,845,11623.73,11623.73,1,1,0,0
2017,Pique-Bandeira Filmes,Distribuição Nacional,602,602,3760.03,3760.03,1,1,1,1
2017,Playarte,Distribuição Nacional,472066,0,6717836.38,0.0,6,0,5,0
2017,Polifilmes,Distribuição Nacional,40,40,206.0,206.0,2,2,0,0
2017,Polifilmes/Spcine,Distribuição Nacional,188,188,2225.58,2225.58,2,2,2,2
2017,Ponto De Equilíbrio,Distribuição Nacional,7,7,63.0,63.0,1,1,1,1
2017,Riofilme,Distribuição Nacional,3964,3964,44269.51,44269.51,1,1,1,1
2017,Rt Features,Distribuição Nacional,451,0,6700.2,0.0,1,0,1,0
2017,Santa Luzia Filmes,Distribuição Nacional,461,461,5858.28,5858.28,1,1,1,1
2017,Sant'Ana Filmes,Distribuição Nacional,89,89,986.12,986.12,1,1,0,0
2017,Sato Company,Distribuição Nacional,94,0,940.0,0.0,1,0,0,0
2017,Sequência Produções Artisticas,Distribuição Nacional,342,342,4265.39,4265.39,1,1,1,1
2017,Sereia Filmes,Distribuição Nacional,4207,4207,39101.34,39101.34,1,1,1,1
2017,Sony,Distribuição Internacional,16525344,87730,254080500.33,1517161.25,31,2,19,1
2017,Supo Mungam Films,Distribuição Nacional,83070,0,1262818.09,0.0,13,0,9,0
2017,Taus Audiovisuais,Distribuição Nacional,22,22,220.35,220.35,1,1,1,1
2017,Tb Produções,Distribuição Nacional,746,746,11272.72,11272.72,1,1,1,1
2017,Tucumán,Distribuição Nacional,16116,16068,221765.47,221354.47,7,5,4,4
2017,Tv Meio Ambiente,Distribuição Nacional,912,912,14606.1,14606.1,1,1,1,1
2017,Uci,Distribuição Nacional,9900,0,239902.0,0.0,5,0,1,0
2017,Umes,Distribuição Nacional,110,0,1666.0,0.0,1,0,1,0
2017,Universal,Distribuição Internacional,33443010,0,493840490.5,0.0,20,0,15,0
2017,Videofilmes,Distribuição Nacional,15958,15958,236324.04,236324.04,1,1,1,1
2017,Vilacine,Distribuição Nacional,2007,0,21494.96,0.0,1,0,1,0
2017,Vitrine Filmes,Distribuição Nacional,545901,535647,7119275.76,6972499.3,61,57,27,26
2017,Warner,Distribuição Internacional,30726837,768324,469321991.0,11008553.0,25,3,17,2
2017,Zahir Company,Distribuição Nacional,32053,32053,451907.65,451907.65,1,1,1,1
2017,Zeta Filmes,Distribuição Nacional,64217,0,800876.03,0.0,31,0,10,0
2018,A2 Filmes,Distribuição Nacional,22028,0,324281.0,0.0,2,0,2,0
2018,A2 Filmes/Alphaville Filmes,Distribuição Nacional,40337,0,638893.0,0.0,1,0,1,0
2018,Accorde Audiovisuais,Distribuição Nacional,150,150,990.0,990.0,2,2,2,2
2018,Alex Pires Duarte,Distribuição Nacional,947,947,10500.0,10500.0,1,1,0,0
2018,Alpha Filmes,Distribuição Nacional,43627,0,644304.0,0.0,2,0,2,0
2018,Alphaville Filmes,Distribuição Nacional,4941,0,58859.0,0.0,13,0,0,0
2018,Alphaville Filmes/Alpha Filmes,Distribuição Nacional,30,0,388.0,0.0,1,0,0,0
2018,Anagrama Filmes,Distribuição Nacional,343770,0,4984386.0,0.0,1,0,1,0
2018,Arco Audiovisual,Distribuição Nacional,10523,10523,120842.0,120842.0,1,1,1,1
2018,Arcoplex,Distribuição Nacional,1970,0,28933.0,0.0,1,0,1,0
2018,Arthouse,Distribuição Nacional,14512,14512,197399.0,197399.0,7,7,5,5
2018,Bang Filmes,Distribuição Nacional,1037,1037,7242.0,7242.0,1,1,1,1
2018,Bela Filmes,Distribuição Nacional,1251,1251,11961.0,11961.0,1,1,1,1
2018,Bizum,Distribuição Nacional,154,154,847.0,847.0,2,2,2,2
2018,Bond'S Filmes,Distribuição Nacional,167,167,2305.0,2305.0,1,1,1,1
2018,Bonfilm,Distribuição Nacional,21131,0,308114.0,0.0,7,0,5,0
2018,Boulevard Filmes,Distribuição Nacional,5488,5488,61075.0,61075.0,3,3,3,3
2018,Boutique Filmes,Distribuição Nacional,359,359,5592.0,5592.0,1,1,1,1
2018,Brasil 1500,Distribuição Nacional,2826,2826,40660.0,40660.0,2,2,1,1
2018,Bretz Filmes,Distribuição Nacional,3126,3126,41985.0,41985.0,3,3,2,2
2018,Bretz Filmes/Pagu Pictures,Distribuição Nacional,3158,3158,48332.0,48332.0,2,2,1,1
2018,Caliban,Distribuição Nacional,4720,4720,65100.0,65100.0,1,1,1,1
2018,Califórnia,Distribuição Nacional,636453,8517,10316061.0,121650.0,21,1,18,1
2018,Califórnia/Diamond Films,Distribuição Nacional,3651,0,58110.0,0.0,1,0,1,0
2018,Cavideo Produções,Distribuição Nacional,551,551,8674.0,8674.0,3,3,3,3
2018,Cineart Filmes,Distribuição Nacional,130709,0,1943076.0,0.0,11,0,7,0
2018,Cinecolor Do Brasil,Distribuição Nacional,2493,0,53324.0,0.0,1,0,1,0
2018,Cinemark Brasil,Distribuição Nacional,112174,0,1796451.0,0.0,1,0,1,0
2018,Com Domínio Filmes,Distribuição Nacional,332,332,4991.0,4991.0,1,1,1,1
2018,Complô,Distribuição Nacional,25,25,160.0,160.0,1,1,0,0
2018,Copa Filmes,Distribuição Nacional,322,322,4202.0,4202.0,1,1,1,1
2018,Dada' N Zen Produções,Distribuição Nacional,489,489,7435.0,7435.0,1,1,1,1
2018,Descoloniza Filmes,Distribuição Nacional,4231,1765,60113.0,26517.0,4,2,4,2
2018,Diamond Films,Distribuição Nacional,1452522,0,23675613.0,0.0,28,0,24,0
2018,Disney,Distribuição Internacional,39619366,0,629277088.0,0.0,26,0,10,0
2018,Dm Filmes,Distribuição Nacional,220,220,2707.0,2707.0,1,1,1,1
2018,Downtown,Distribuição Nacional,287947,287947,4112379.0,4112379.0,2,2,2,2
2018,Downtown/Paris,Distribuição Nacional,20557849,20557849,239062247.0,239062247.0,16,16,12,12
2018,Elo Company,Distribuição Nacional,36355,36355,384407.0,384407.0,16,16,16,16
2018,Embaúba Filmes,Distribuição Nacional,147,147,1100.0,1100.0,1,1,1,1
2018,Embaúba Filmes/Pique-Bandeira Filmes,Distribuição Nacional,11749,11749,157981.0,157981.0,1,1,1,1
2018,Engady Cine Vídeo,Distribuição Nacional,340,340,4323.0,4323.0,1,1,1,1
2018,Erika Fromm,Distribuição Nacional,1406,0,24854.0,0.0,1,0,1,0
2018,Esfera Produções,Distribuição Nacional,8692,0,133589.0,0.0,5,0,3,0
2018,Espaço Dos Satyros,Distribuição Nacional,1718,1718,21637.0,21637.0,1,1,0,0
2018,Espaço Filmes,Distribuição Nacional,17344,8563,296357.0,142753.0,7,4,6,4
2018,Espiral,Distribuição Nacional,205,205,2661.0,2661.0,1,1,1,1
2018,Estação Luz Filmes,Distribuição Nacional,9541,9541,141001.0,141001.0,1,1,1,1
2018,Europa,Distribuição Nacional,50545,942,738125.0,12082.0,4,3,1,1
2018,F. J. Cines,Distribuição Nacional,5006,0,58256.0,0.0,10,0,4,0
2018,Fênix Filmes,Distribuição Nacional,37192,0,519571.0,0.0,6,0,4,0
2018,Fênix Filmes/Tucumán,Distribuição Nacional,10001,5526,157466.0,86119.0,2,1,2,1
2018,Filmes Da Mostra,Distribuição Nacional,225,0,2409.0,0.0,7,0,0,0
2018,Fox,Distribuição Internacional,16089616,292790,250380953.0,4182472.0,22,2,15,1
2018,Griot Produções,Distribuição Nacional,45,45,640.0,640.0,2,2,2,2
2018,Gullane Entretenimento,Distribuição Nacional,9133,9133,130030.0,130030.0,1,1,1,1
2018,H2O Films,Distribuição Nacional,67127,62439,1067057.0,999412.0,4,3,4,3
2018,Imagem,Distribuição Nacional,2066678,628351,30146148.0,9197686.0,20,6,15,6
2018,Imagem/Califórnia,Distribuição Nacional,1133842,0,17163859.0,0.0,5,0,5,0
2018,Imovision,Distribuição Nacional,500613,66264,7983999.0,1025772.0,59,9,38,7
2018,Inquieta Cinema Cultura E Comunicação,Distribuição Nacional,2265,2265,19699.0,19699.0,4,4,3,3
2018,Interagir Cultural,Distribuição Nacional,1207,1207,10797.0,10797.0,1,1,1,1
2018,It Filmes,Distribuição Nacional,2836,2836,43868.0,43868.0,1,1,1,1
2018,Ivin Films,Distribuição Nacional,3749,3749,86109.0,86109.0,1,1,1,1
2018,Kinopus,Distribuição Nacional,1067,1067,10261.0,10261.0,1,1,1,1
2018,Lança Filmes,Distribuição Nacional,69225,8380,738353.0,105398.0,6,3,4,1
2018,Latinamerica Entretenimento Internacional,Distribuição Nacional,750,750,9401.0,9401.0,4,4,4,4
2018,Lira Filmes,Distribuição Nacional,2286,2286,31830.0,31830.0,1,1,1,1
2018,Livres Filmes,Distribuição Nacional,3959,3959,48318.0,48318.0,3,3,2,2
2018,Lume Produções Cinematográficas,Distribuição Nacional,66,66,450.0,450.0,1,1,0,0
2018,Mac Comunicação,Distribuição Nacional,689,689,7506.0,7506.0,1,1,1,1
2018,Máquina Filmes,Distribuição Nacional,2538,2538,24710.0,24710.0,1,1,1,1
2018,Mares Filmes/A2 Filmes,Distribuição Nacional,108745,0,1725053.0,0.0,6,0,6,0
2018,Mercúrio Produções,Distribuição Nacional,5121,5121,69773.0,69773.0,1,1,1,1
2018,Mira Filmes,Distribuição Nacional,199,199,769.0,769.0,1,1,1,1
2018,Miração Filmes,Distribuição Nacional,375,375,4298.0,4298.0,1,1,1,1
2018,Modo Operante Produções,Distribuição Nacional,0,0,0.0,0.0,1,1,0,0
2018,Moro Comunicação,Distribuição Nacional,1301,0,14470.0,0.0,2,1,1,0
2018,Muk Produções/Enkapothado,Distribuição Nacional,573,573,10049.0,10049.0,1,1,1,1
2018,Nozes Produções,Distribuição Nacional,6,6,70.0,70.0,1,1,1,1
2018,O2 Play,Distribuição Nacional,43569,43569,570486.0,570486.0,9,9,8,8
2018,Okna Produções,Distribuição Nacional,198,0,1569.0,0.0,1,0,0,0
2018,Olé Produções,Distribuição Nacional,58,58,855.0,855.0,1,1,0,0
2018,Olhar Distribuição,Distribuição Nacional,28103,28103,364332.0,364332.0,5,5,2,2
2018,Pagu Pictures,Distribuição Nacional,85282,47430,1372586.0,752411.0,6,4,6,4
2018,Paleotv,Distribuição Nacional,1355,1355,10352.0,10352.0,1,1,1,1
2018,Panda Filmes,Distribuição Nacional,1178,1178,17097.0,17097.0,1,1,1,1
2018,Pandora Filmes,Distribuição Nacional,179105,11168,2814410.0,143800.0,21,7,14,5
2018,Paramount,Distribuição Internacional,5929825,0,96523550.0,0.0,12,0,7,0
2018,Paris,Distribuição Nacional,6950064,992366,102121573.0,14145325.0,37,5,28,5
2018,Pietà Filmes,Distribuição Nacional,394,394,7020.0,7020.0,1,1,1,1
2018,Pipa Produções,Distribuição Nacional,1752,1752,13508.0,13508.0,2,2,1,1
2018,Pipoca & Filmes,Distribuição Nacional,4100,4100,52066.0,52066.0,2,2,2,2
2018,Playarte,Distribuição Nacional,358610,0,5079974.0,0.0,8,0,6,0
2018,Polifilmes/Spcine,Distribuição Nacional,113,113,1130.0,1130.0,1,1,0,0
2018,Raiz Distribuidora,Distribuição Nacional,108,108,520.0,520.0,1,1,1,1
2018,Rb6,Distribuição Nacional,607,607,8435.0,8435.0,1,1,1,1
2018,Riofilme,Distribuição Nacional,25091,25091,337693.0,337693.0,2,2,1,1
2018,Sony,Distribuição Internacional,20649621,7850,308569578.0,130436.0,29,1,21,1
2018,Supo Mungam Films,Distribuição Nacional,116052,0,1849979.0,0.0,15,0,9,0
2018,Synapse,Distribuição Nacional,908,908,16809.0,16809.0,1,1,1,1
2018,Taturana,Distribuição Nacional,1415,1415,17401.0,17401.0,4,4,4,4
2018,Tucumán,Distribuição Nacional,3674,3674,48738.0,48738.0,3,3,0,0
2018,Tv Meio Ambiente,Distribuição Nacional,0,0,0.0,0.0,1,1,0,0
2018,Umes,Distribuição Nacional,10085,0,165145.0,0.0,1,0,1,0
2018,Universal,Distribuição Internacional,17717549,0,274029033.0,0.0,33,0,18,0
2018,Urca Filme,Distribuição Nacional,1299,1299,18519.0,18519.0,1,1,1,1
2018,Videofilmes,Distribuição Nacional,3206,3206,45993.0,45993.0,1,1,0,0
2018,Vitrine Filmes,Distribuição Nacional,575269,497383,7705795.0,6425134.0,57,55,25,24
2018,Vitrine Filmes/Espaço Filmes,Distribuição Nacional,11786,11786,153437.0,153437.0,1,1,1,1
2018,Warner,Distribuição Internacional,25419914,47789,402549676.0,698721.0,28,2,18,2
2018,Zeta Filmes,Distribuição Nacional,54136,0,727057.0,0.0,25,0,14,0
2019,360 Ent.,Distribuição Nacional,746451,0,9637906.72,0.0,1,0,1,0
2019,A2 Filmes,Distribuição Nacional,138465,4221,2297136.0,73153.0,15,1,14,1
2019,A2 Filmes/Alphaville Filmes,Distribuição Nacional,117,0,1160.0,0.0,1,0,0,0
2019,Alpha Filmes,Distribuição Nacional,446835,0,7998626.34,0.0,3,0,3,0
2019,Anagrama Filmes,Distribuição Nacional,2637,2637,39784.0,39784.0,2,2,2,2
2019,Arteplex,Distribuição Nacional,94862,6661,1566031.6,44121.24,9,1,9,1
2019,Arthouse,Distribuição Nacional,27505,27505,342570.0,342570.0,7,7,6,6
2019,Bonfilm,Distribuição Nacional,20207,0,310959.0,0.0,3,0,2,0
2019,Boulevard Filmes,Distribuição Nacional,17582,17582,245329.0,245329.0,3,3,3,3
2019,Bretz Filmes,Distribuição Nacional,27067,6200,458074.0,97403.0,8,6,8,6
2019,Califórnia,Distribuição Nacional,234498,1546,4124219.57,21323.0,19,2,13,1
2019,Califórnia/Diamond Films,Distribuição Nacional,64,0,1570.0,0.0,1,0,0,0
2019,Cavideo Produções,Distribuição Nacional,133,133,2320.0,2320.0,1,1,1,1
2019,Ciclorama Filmes,Distribuição Nacional,382,382,5223.0,5223.0,1,1,1,1
2019,Cineart Filmes,Distribuição Nacional,11446,1018,178120.0,12400.0,6,1,4,1
2019,Cinecolor Do Brasil,Distribuição Nacional,36250,0,551218.0,0.0,4,0,4,0
2019,Cultura,Distribuição Nacional,873,873,14982.0,14982.0,1,1,1,1
2019,Cup Filmes,Distribuição Nacional,5310,1782,52932.0,19225.0,2,1,2,1
2019,Descoloniza Filmes,Distribuição Nacional,7741,7741,95924.0,95924.0,2,2,2,2
2019,Diamond Films,Distribuição Nacional,2008126,0,35186763.0,0.0,38,0,26,0
2019,Dimauro Filmes,Distribuição Nacional,273,273,3149.0,3149.0,1,1,1,1
2019,Disney,Distribuição Internacional,75770402,432182,1249377829.56,6813529.0,38,3,16,1
2019,Disney/Vitrine Filmes,Codistribuição Internacional-Nacional,476714,476714,6433928.0,6433928.0,1,1,1,1
2019,Downtown,Distribuição Nacional,437198,437198,6867372.0,6867372.0,6,6,6,6
2019,Downtown/Paris,Distribuição Nacional,14942855,14942855,195857299.58,195857299.58,8,8,3,3
2019,E.H. Produções,Distribuição Nacional,484,484,7712.0,7712.0,1,1,1,1
2019,Elite Filmes,Distribuição Nacional,2871,0,42895.0,0.0,4,0,4,0
2019,Elo Company,Distribuição Nacional,42160,42160,430899.0,430899.0,27,27,20,20
2019,Elo Company/Europa Filmes,Distribuição Nacional,15179,15179,167126.0,167126.0,1,1,1,1
2019,Embaúba Filmes,Distribuição Nacional,8816,8816,98164.0,98164.0,6,6,5,5
2019,Embaúba Filmes/Pique-Bandeira Filmes,Distribuição Nacional,31,31,252.0,252.0,1,1,0,0
2019,Engady Cine Vídeo,Distribuição Nacional,268,268,4375.0,4375.0,1,1,0,0
2019,Esfera Produções,Distribuição Nacional,3347,3121,49227.0,46415.0,6,3,3,3
2019,Espaço Dos Satyros,Distribuição Nacional,150,150,2493.0,2493.0,1,1,0,0
2019,Espaço Filmes,Distribuição Nacional,37691,9014,653616.0,167956.0,7,2,5,2
2019,Estação Luz Filmes,Distribuição Nacional,50,50,649.0,649.0,1,1,0,0
2019,Europa,Distribuição Nacional,45,45,484.0,484.0,1,1,0,0
2019,F. J. Cines,Distribuição Nacional,838,0,8628.0,0.0,6,0,0,0
2019,Fênix Filmes,Distribuição Nacional,30548,851,511184.0,11263.0,3,1,3,1
2019,Fênix Filmes/Escarlate,Distribuição Nacional,4128,0,70425.0,0.0,1,0,1,0
2019,Fênix Filmes/Tucumán,Distribuição Nacional,839,839,10794.0,10794.0,2,2,2,2
2019,Flow Impact,Distribuição Nacional,11130,0,124304.0,0.0,2,0,2,0
2019,Forte Filmes,Distribuição Nacional,130,130,2451.0,2451.0,1,1,1,1
2019,Fox,Distribuição Internacional,8059951,0,126483291.0,0.0,17,0,8,0
2019,Galeria Distribuidora,Distribuição Nacional,404902,0,5945506.0,0.0,4,0,4,0
2019,Gávea Filmes E Produções,Distribuição Nacional,47,47,288.0,288.0,1,1,1,1
2019,H2O Films,Distribuição Nacional,805971,805971,11933933.0,11933933.0,3,3,2,2
2019,Imagem,Distribuição Nacional,2959363,1075393,47339840.59,15352421.0,34,16,28,14
2019,Imagem/Riofilme,Distribuição Nacional,19,19,95.0,95.0,1,1,0,0
2019,Imovision,Distribuição Nacional,299356,20021,4910131.06,302685.0,50,7,25,3
2019,Inquieta Cinema Cultura E Comunicação,Distribuição Nacional,6289,6289,59142.0,59142.0,3,3,2,2
2019,Ipecine/Olhar Distribuição,Distribuição Nacional,5970,0,59448.0,0.0,1,0,1,0
2019,Ivin Films,Distribuição Nacional,1189,1189,21474.0,21474.0,1,1,1,1
2019,Jura Filmes,Distribuição Nacional,527,527,5591.0,5591.0,1,1,1,1
2019,Kinopus,Distribuição Nacional,359,359,4611.0,4611.0,1,1,1,1
2019,Klaxon Cultura Audiovisual,Distribuição Nacional,3284,3284,33057.0,33057.0,1,1,1,1
2019,Lança Filmes,Distribuição Nacional,7520,2948,115089.0,38257.0,5,2,4,2
2019,Lauper,Distribuição Nacional,1715,1715,17690.0,17690.0,1,1,1,1
2019,Lira Filmes,Distribuição Nacional,2380,537,36155.0,6467.0,2,1,2,1
2019,Livres Filmes,Distribuição Nacional,2068,2068,28833.0,28833.0,1,1,1,1
2019,Lume Produções Cinematográficas,Distribuição Nacional,1160,1160,11700.0,11700.0,2,2,2,2
2019,Mac Comunicação,Distribuição Nacional,22,22,84.0,84.0,1,1,0,0
2019,Moro Comunicação,Distribuição Nacional,358,358,4686.0,4686.0,1,1,1,1
2019,O2 Play,Distribuição Nacional,64640,23854,971930.42,297683.0,13,11,11,9
2019,Okna Produções,Distribuição Nacional,897,897,10802.0,10802.0,1,1,1,1
2019,Olhar Distribuição,Distribuição Nacional,10586,10586,103549.0,103549.0,9,9,8,8
2019,Pagu Pictures,Distribuição Nacional,140355,31429,2371725.03,499039.0,18,6,16,6
2019,Pandora Filmes,Distribuição Nacional,83739,14735,1253410.77,198149.74,20,6,17,5
2019,Paramount,Distribuição Internacional,4914168,0,78192004.91,0.0,10,0,7,0
2019,Paris,Distribuição Nacional,8735552,3896090,130265173.02,54959103.63,35,6,27,5
2019,Pipa Produções,Distribuição Nacional,4123,4123,33932.0,33932.0,1,1,1,1
2019,Pique-Bandeira Filmes,Distribuição Nacional,157,157,1379.0,1379.0,1,1,1,1
2019,Playarte,Distribuição Nacional,288958,0,4386800.0,0.0,8,0,6,0
2019,Raça Ruim Filmes,Distribuição Nacional,12471,12471,170706.0,170706.0,1,1,1,1
2019,Raccord Produções,Distribuição Nacional,786,786,11535.0,11535.0,1,1,1,1
2019,Raiz Distribuidora,Distribuição Nacional,143,143,715.0,715.0,1,1,0,0
2019,Sony,Distribuição Internacional,14085832,749656,224189971.0,11856607.0,23,2,14,1
2019,Sony/Vitrine Filmes,Codistribuição Internacional-Nacional,117618,117618,2018313.24,2018313.24,1,1,1,1
2019,Supo Mungam Films,Distribuição Nacional,9930,0,144781.0,0.0,9,0,4,0
2019,Taturana,Distribuição Nacional,3657,3657,25222.0,25222.0,4,4,2,2
2019,Universal,Distribuição Internacional,14664283,0,227090511.14,0.0,26,0,17,0
2019,Urbano Filmes,Distribuição Nacional,464,464,6364.0,6364.0,1,1,1,1
2019,Videofilmes,Distribuição Nacional,263,263,2652.0,2652.0,1,1,0,0
2019,Vilacine,Distribuição Nacional,190,0,2847.0,0.0,1,0,1,0
2019,Vitrine Filmes,Distribuição Nacional,840556,822978,12459923.0,12206979.0,54,49,15,13
2019,Warner,Distribuição Internacional,24615278,199773,392191526.86,3237399.0,30,2,20,2
2019,Zeta Filmes,Distribuição Nacional,16537,0,213433.0,0.0,21,0,8,0
2020,360 Ent.,Distribuição Nacional,1355,0,16018.13,0.0,1,0,0,0
2020,A2 Filmes,Distribuição Nacional,20414,33,336660.18,372.0,14,1,7,0
2020,Alpha Filmes,Distribuição Nacional,828334,0,15607263.32,0.0,1,0,0,0
2020,Anagrama Filmes,Distribuição Nacional,20499,20499,332072.82,332072.82,1,1,1,1
2020,Arteplex,Distribuição Nacional,31000,2871,465730.42,18618.92,13,1,6,0
2020,Arthouse,Distribuição Nacional,18,18,202.0,202.0,1,1,0,0
2020,Boulevard Filmes,Distribuição Nacional,3228,3228,30329.57,30329.57,1,1,1,1
2020,Bretz Filmes,Distribuição Nacional,764,501,12672.76,8308.53,7,3,7,3
2020,Califórnia,Distribuição Nacional,46907,296,813443.65,5102.32,6,1,3,1
2020,Cinecolor Do Brasil,Distribuição Nacional,27875,0,477329.1,0.0,6,0,6,0
2020,Coisa De Cinema,Distribuição Nacional,17,17,366.43,366.43,1,1,1,1
2020,Deberton Entretenimento,Distribuição Nacional,131,131,1649.5,1649.5,1,1,1,1
2020,Diamond Films,Distribuição Nacional,510166,0,7913102.63,0.0,14,0,6,0
2020,Dimauro Filmes,Distribuição Nacional,7,7,121.53,121.53,1,1,0,0
2020,Disney,Distribuição Internacional,10427906,155,165486981.51,2884.15,27,1,9,1
2020,Disney/Vitrine Filmes,Codistribuição Internacional-Nacional,72,72,1335.0,1335.0,1,1,0,0
2020,Downtown,Distribuição Nacional,8124,8124,128242.29,128242.29,5,5,4,4
2020,Downtown/Paris,Distribuição Nacional,8377920,8377920,128703561.77,128703561.77,13,13,0,0
2020,Elo Company,Distribuição Nacional,4089,4089,48725.67,48725.67,14,14,10,10
2020,Embaúba Filmes,Distribuição Nacional,328,328,3185.57,3185.57,3,3,2,2
2020,Espaço Filmes,Distribuição Nacional,417,417,6136.46,6136.46,1,1,0,0
2020,Espiral,Distribuição Nacional,672,672,11671.13,11671.13,1,1,1,1
2020,F. J. Cines,Distribuição Nacional,139,0,6497.0,0.0,1,0,0,0
2020,Fênix Filmes/Escarlate,Distribuição Nacional,1355,0,21832.9,0.0,1,0,0,0
2020,Galeria Distribuidora,Distribuição Nacional,41326,38043,612614.48,563029.48,3,1,1,1
2020,Imagem,Distribuição Nacional,1023277,550,15440214.79,8649.73,21,2,5,0
2020,Imovision,Distribuição Nacional,47824,5597,770991.42,74386.66,40,2,5,1
2020,Inquieta Cinema Cultura E Comunicação,Distribuição Nacional,736,736,4705.0,4705.0,1,1,0,0
2020,Ipecine/Olhar Distribuição,Distribuição Nacional,52,0,364.0,0.0,1,0,0,0
2020,Kinopus,Distribuição Nacional,7,7,118.46,118.46,1,1,0,0
2020,Klaxon Cultura Audiovisual,Distribuição Nacional,883,0,7350.5,0.0,1,0,1,0
2020,Lança Filmes,Distribuição Nacional,4153,395,25943.62,5252.14,3,2,1,1
2020,Lira Filmes,Distribuição Nacional,57,57,1022.24,1022.24,1,1,1,1
2020,Livres Filmes,Distribuição Nacional,325,325,5246.22,5246.22,2,2,2,2
2020,Lume Produções Cinematográficas,Distribuição Nacional,186,186,1673.0,1673.0,1,1,1,1
2020,O2 Play,Distribuição Nacional,9999,699,152722.6,14482.54,10,5,6,3
2020,Olhar Distribuição,Distribuição Nacional,117,117,885.0,885.0,3,3,0,0
2020,Pagu Pictures,Distribuição Nacional,9869,40,170059.14,462.0,6,1,1,0
2020,Pandora Filmes,Distribuição Nacional,18070,8058,252067.11,113297.61,15,9,10,6
2020,Paramount,Distribuição Internacional,3034070,0,45442301.39,0.0,19,0,2,0
2020,Paris,Distribuição Nacional,1096669,48992,18944593.14,797226.95,52,6,18,3
2020,Pipa Produções,Distribuição Nacional,2494,2494,37674.13,37674.13,1,1,1,1
2020,Playarte,Distribuição Nacional,50,0,1189.0,0.0,1,0,0,0
2020,Riofilme/Vemver Brasil,Distribuição Nacional,97,97,1690.72,1690.72,1,1,1,1
2020,Sereia Filmes,Distribuição Nacional,1081,1081,14165.56,14165.56,1,1,1,1
2020,Sony,Distribuição Internacional,5773953,0,93214390.17,0.0,17,0,8,0
2020,Sony/Vitrine Filmes,Codistribuição Internacional-Nacional,18801,18801,292497.0,292497.0,1,1,0,0
2020,Supo Mungam Films,Distribuição Nacional,13813,0,214640.08,0.0,2,0,2,0
2020,Universal,Distribuição Internacional,3250896,0,55976740.45,0.0,45,0,6,0
2020,Viralata Filmes,Distribuição Nacional,402,402,6077.63,6077.63,1,1,1,1
2020,Vitrine Filmes,Distribuição Nacional,136563,12551,2181201.54,167066.56,29,24,15,10
2020,Warner,Distribuição Internacional,4639612,36,74477660.08,885.0,102,2,18,0
2020,Zeta Filmes,Distribuição Nacional,278,0,6031.9,0.0,1,0,1,0
2021,360 Ent.,Distribuição Nacional,13066,0,201897.77,0.0,1,0,1,0
2021,A2 Filmes,Distribuição Nacional,10598,0,213764.84,0.0,17,0,13,0
2021,Alpha Filmes,Distribuição Nacional,123,0,1446.0,0.0,1,0,0,0
2021,Anagrama Filmes,Distribuição Nacional,175,175,3345.24,3345.24,1,1,1,1
2021,Arteplex,Distribuição Nacional,19786,1643,375747.15,19030.65,15,2,6,2
2021,Arthouse,Distribuição Nacional,3962,3962,66731.39,66731.39,4,4,2,2
2021,Boca A Boca Filmes,Distribuição Nacional,413,413,6088.5,6088.5,1,1,1,1
2021,Bonfilm,Distribuição Internacional,75,0,1200.0,0.0,1,0,0,0
2021,Boulevard Filmes,Distribuição Nacional,338,338,5669.95,5669.95,4,4,4,4
2021,Bretz Filmes,Distribuição Nacional,974,789,17496.0,14269.0,13,9,11,8
2021,Bretz Filmes/Mymama,Distribuição Nacional,776,0,16404.68,0.0,3,0,1,0
2021,Califórnia,Distribuição Nacional,124624,0,2114334.17,0.0,17,0,14,0
2021,Califórnia/Imagem,Distribuição Nacional,250762,0,4226171.12,0.0,1,0,1,0
2021,Cinecolor Do Brasil,Distribuição Internacional,85620,0,1475625.47,0.0,4,0,3,0
2021,Cinemark Brasil,Distribuição Internacional,1308,1307,27832.9,27821.4,2,1,1,1
2021,Copacabana Filmes,Distribuição Nacional,854,854,16571.44,16571.44,2,2,2,2
2021,Corte Seco,Distribuição Nacional,1226,1226,17632.61,17632.61,1,1,1,1
2021,Cup Filmes,Distribuição Nacional,216,216,3068.23,3068.23,1,1,1,1
2021,D1 Realizações,Distribuição Nacional,852,852,11857.2,11857.2,1,1,1,1
2021,Descoloniza Filmes/La Ursa,Distribuição Nacional,1461,1461,18977.02,18977.02,1,1,1,1
2021,Diamond Films,Distribuição Internacional,353550,0,6121558.06,0.0,10,0,6,0
2021,Disney,Distribuição Internacional,11428947,0,197553713.07,0.0,25,0,17,0
2021,Downtown,Distribuição Nacional,21070,21070,317896.86,317896.86,7,7,5,5
2021,Downtown/Paris,Distribuição Nacional,408,408,5734.5,5734.5,3,3,0,0
2021,Elite Filmes,Distribuição Nacional,4453,5,74919.87,50.0,2,1,2,1
2021,Elo Company,Distribuição Nacional,9257,9257,179034.14,179034.14,15,15,14,14
2021,Elo Company/Europa Filmes,Distribuição Nacional,60,60,410.48,410.48,1,1,0,0
2021,Embaúba Filmes,Distribuição Nacional,10463,10463,206561.97,206561.97,2,2,1,1
2021,Espaço Filmes,Distribuição Nacional,40,2,581.58,12.0,2,1,0,0
2021,Europa,Distribuição Nacional,543,543,10276.86,10276.86,2,2,2,2
2021,Forte Filmes,Distribuição Nacional,6,6,104.74,104.74,1,1,0,0
2021,Fox,Distribuição Internacional,1396,0,21045.5,0.0,1,0,0,0
2021,Galeria Distribuidora,Distribuição Nacional,12,0,160.0,0.0,1,0,0,0
2021,Globo Filmes,Distribuição Nacional,540,540,6269.5,6269.5,1,1,0,0
2021,Gullane Entretenimento,Distribuição Nacional,4760,4760,67376.07,67376.07,2,2,2,2
2021,H2O Films,Distribuição Nacional,77125,77119,1217740.16,1217614.16,7,6,5,5
2021,Imagem,Distribuição Nacional,811686,18926,13996078.18,334223.07,16,4,11,3
2021,Imovision,Distribuição Internacional,45739,7949,913459.95,117797.56,44,6,26,4
2021,Kinoscópio,Distribuição Nacional,152,152,2741.0,2741.0,1,1,1,1
2021,Lavra Filmes,Distribuição Nacional,241,241,5359.0,5359.0,1,1,1,1
2021,Lira Filmes,Distribuição Nacional,1328,1328,19172.36,19172.36,2,2,2,2
2021,Mercúrio Produções,Distribuição Nacional,13,13,190.0,190.0,1,1,1,1
2021,Moro Filmes,Distribuição Nacional,317,317,4928.92,4928.92,1,1,1,1
2021,O2 Play,Distribuição Nacional,12869,3837,249792.78,74668.22,18,9,15,9
2021,Odun Filmes,Distribuição Nacional,27,27,587.33,587.33,1,1,1,1
2021,Olhar Distribuição,Distribuição Nacional,1150,848,21400.92,15766.99,9,7,4,2
2021,Pagu Pictures,Distribuição Nacional,865,859,13641.1,13575.1,2,1,1,1
2021,Pandora Filmes,Distribuição Nacional,27144,9353,531918.44,170095.47,23,13,15,11
2021,Paramount,Distribuição Internacional,1505815,0,25423907.63,0.0,8,0,3,0
2021,Paris,Distribuição Nacional,1259646,714621,21289491.35,12476532.8,37,17,24,14
2021,Pietà Filmes,Distribuição Nacional,1361,1361,8106.06,8106.06,1,1,1,1
2021,Pipa Produções,Distribuição Nacional,416,416,7779.47,7779.47,3,3,3,3
2021,Playarte,Distribuição Nacional,169834,0,2607832.46,0.0,11,0,6,0
2021,Plural Filmes,Distribuição Nacional,258,258,3915.82,3915.82,1,1,1,1
2021,Preta Portê Filmes,Distribuição Nacional,36,36,699.86,699.86,1,1,0,0
2021,Riofilme,Distribuição Nacional,30,30,450.0,450.0,1,1,0,0
2021,Sato Company,Distribuição Nacional,641,0,14236.19,0.0,1,0,1,0
2021,Sony,Distribuição Internacional,18637517,0,332137145.53,0.0,20,0,10,0
2021,Taturana,Distribuição Nacional,76,76,878.0,878.0,2,2,2,2
2021,Tucumán,Distribuição Nacional,37,37,705.0,705.0,1,1,1,1
2021,Universal,Distribuição Internacional,114706,0,1796782.52,0.0,9,0,0,0
2021,Vitrine Filmes,Distribuição Nacional,18114,11836,302686.82,191937.19,27,19,19,12
2021,Vitrine Filmes/Synapse,Distribuição Nacional,3477,0,60654.8,0.0,1,0,1,0
2021,Warner,Distribuição Internacional,17217701,105,299552989.89,2504.0,60,1,31,1
2021,Zeta Filmes,Distribuição Nacional,2284,411,41147.15,7685.04,9,2,8,2
2022,360 Ent.,Distribuição Nacional,569,0,8795.0,0.0,2,0,0,0
2022,A2 Filmes,Distribuição Nacional,9580,117,199249.84,2139.51,13,2,11,2
2022,Anagrama Filmes,Distribuição Nacional,2955,2955,47740.36,47740.36,1,1,1,1
2022,Anavilhana / Embaúba Filmes,Distribuição Nacional,339,339,5195.95,5195.95,1,1,1,1
2022,Arteplex Filmes,Distribuição Nacional,24204,16037,393400.15,253954.84,14,1,3,1
2022,Arthouse,Distribuição Nacional,33,33,396.0,396.0,1,1,0,0
2022,Beaucastel Filmes,Distribuição Nacional,51,51,612.0,612.0,1,1,1,1
2022,Bonfilm,Distribuição Internacional,20554,0,350103.77,0.0,12,0,9,0
2022,Borelli Produções,Distribuição Nacional,145,145,2914.0,2914.0,1,1,1,1
2022,Boulevard Filmes,Distribuição Nacional,4826,4826,61134.32,61134.32,4,4,2,2
2022,Bretz Filmes,Distribuição Nacional,2536,680,45076.92,11836.48,11,6,8,5
2022,Califórnia Filmes,Distribuição Nacional,118535,337,2310229.15,6164.83,13,2,10,1
2022,Califórnia Filmes / Imagem,Distribuição Nacional,118,0,1416.0,0.0,1,0,0,0
2022,Cavideo Produções,Distribuição Nacional,182,182,1600.0,1600.0,1,1,1,1
2022,Cineart Filmes,Distribuição Nacional,498,498,10354.96,10354.96,1,1,1,1
2022,Cineclube Pau Brasil,Distribuição Nacional,56,56,699.0,699.0,2,2,0,0
2022,Cinecolor Do Brasil,Distribuição Internacional,5991,0,119133.73,0.0,3,0,3,0
2022,Cinelando Maha,Distribuição Nacional,5037,5037,102913.8,102913.8,1,1,1,1
2022,Cinema Bruto,Distribuição Nacional,7,7,155.89,155.89,1,1,1,1
2022,Cinema Do Rio Cultura E Evento,Distribuição Nacional,562,460,10320.0,8288.0,7,6,0,0
2022,Cinemark Brasil,Distribuição Internacional,114650,0,1778997.5,0.0,2,0,2,0
2022,Coevos Filmes,Distribuição Nacional,56,56,164.0,164.0,1,1,1,1
2022,Complô,Distribuição Nacional,125,125,825.0,825.0,1,1,1,1
2022,Copacabana Filmes E Produções,Distribuição Nacional,13,0,228.0,0.0,1,0,0,0
2022,Corte Seco,Distribuição Nacional,155,155,761.0,761.0,1,1,0,0
2022,Cubo Filmes,Distribuição Nacional,139,139,1073.0,1073.0,1,1,1,1
2022,Cup Filmes,Distribuição Nacional,1414,1414,21160.38,21160.38,2,2,2,2
2022,Deberton Entretenimento,Distribuição Nacional,302,302,5054.4,5054.4,1,1,1,1
2022,Descoloniza Filmes,Distribuição Nacional,784,784,10801.7,10801.7,4,4,3,3
2022,Deusdará Filmes,Distribuição Nacional,5,5,0.0,0.0,1,1,0,0
2022,Diamond Films Do Brasil,Distribuição Internacional,3850913,0,60780012.84,0.0,25,0,19,0
2022,Disney,Distribuição Internacional,30194299,85371,605081087.49,1450615.72,39,9,21,9
2022,Do2,Distribuição Nacional,3505,3505,62458.84,62458.84,1,1,1,1
2022,Doblechapa Cinematografia,Distribuição Nacional,44,44,352.0,352.0,1,1,0,0
2022,Downtown,Distribuição Nacional,1397019,1397019,24300254.12,24300254.12,10,10,9,9
2022,E.H. Produções,Distribuição Nacional,70,70,1413.13,1413.13,1,1,1,1
2022,Elite Filmes,Distribuição Nacional,43,43,891.72,891.72,1,1,1,1
2022,Elo Company,Distribuição Nacional,10075,10075,171490.0,171490.0,14,14,7,7
2022,Elo Company / Europa Filmes,Distribuição Nacional,71,71,1096.0,1096.0,1,1,0,0
2022,Elo Company / H2O Films,Distribuição Nacional,409401,409401,7744820.34,7744820.34,1,1,1,1
2022,Embaúba Filmes,Distribuição Nacional,87324,87324,1534797.55,1534797.55,12,12,9,9
2022,Espaço Filmes,Distribuição Nacional,4,4,60.0,60.0,1,1,0,0
2022,Estação Luz Filmes,Distribuição Nacional,358,358,5419.0,5419.0,1,1,1,1
2022,Estúdio Escarlate,Distribuição Nacional,3328,0,63170.58,0.0,1,0,1,0
2022,F. J. Cines,Distribuição Nacional,582,0,6680.27,0.0,1,0,0,0
2022,Fênix Filmes,Distribuição Nacional,136,95,1578.48,1086.48,9,1,1,1
2022,Film Connection,Distribuição Nacional,8088,8088,145163.16,145163.16,2,2,2,2
2022,Filmes Do Interior,Distribuição Nacional,23,23,412.0,412.0,1,1,1,1
2022,Filmicca,Distribuição Nacional,216,0,1812.0,0.0,2,0,2,0
2022,Forte Filmes,Distribuição Nacional,586,586,8793.98,8793.98,1,1,1,1
2022,Galeria Distribuidora,Distribuição Nacional,50810,50810,881980.65,881980.65,1,1,1,1
2022,Globo Filmes,Distribuição Nacional,52,52,834.0,834.0,2,2,0,0
2022,Gravinart Produções Artísticas,Distribuição Nacional,115,115,1308.0,1308.0,1,1,1,1
2022,Gullane Entretenimento,Distribuição Nacional,1791,1791,33842.74,33842.74,3,3,3,3
2022,H2O Films,Distribuição Nacional,14201,14201,271525.97,271525.97,3,3,2,2
2022,Imagem,Distribuição Nacional,1329407,734968,22993839.94,12432947.35,17,10,14,10
2022,Imovision,Distribuição Internacional,64212,6654,1258425.15,123350.43,47,3,20,2
2022,Inquieta Cine,Distribuição Nacional,40,40,527.0,527.0,1,1,1,1
2022,Instituto Moreira Salles,Distribuição Nacional,190,80,1280.0,525.0,7,6,0,0
2022,Kalakuta Produções,Distribuição Nacional,175,175,3451.0,3451.0,1,1,1,1
2022,Kinopus,Distribuição Nacional,146,146,2340.45,2340.45,1,1,1,1
2022,Kinoscópio,Distribuição Nacional,1523,1523,31282.3,31282.3,1,1,1,1
2022,Kolbe Artes Produções,Distribuição Nacional,44730,0,725165.22,0.0,4,0,4,0
2022,Lança Filmes,Distribuição Nacional,2108,2108,31077.99,31077.99,4,4,4,4
2022,Lavra Filmes,Distribuição Nacional,184,184,5093.0,5093.0,1,1,0,0
2022,Lira Filmes,Distribuição Nacional,618,618,11448.74,11448.74,1,1,1,1
2022,Livres Filmes,Distribuição Nacional,350,350,3809.5,3809.5,1,1,1,1
2022,Luc Filmes,Distribuição Nacional,18,18,278.0,278.0,1,1,0,0
2022,Lume,Distribuição Nacional,421,421,5748.0,5748.0,1,1,1,1
2022,Luz E Mistério Filmes,Distribuição Nacional,490,490,3305.0,3305.0,1,1,1,1
2022,Magnificat Entretenimento,Distribuição Nacional,19296,0,292622.71,0.0,1,0,1,0
2022,Mercúrio Produções,Distribuição Nacional,33,33,400.0,400.0,2,2,0,0
2022,Metrópoles Produções,Distribuição Nacional,448,448,5136.0,5136.0,1,1,0,0
2022,Moro Filmes,Distribuição Nacional,341,341,4964.9,4964.9,3,3,3,3
2022,Mostra Filmes,Distribuição Nacional,257,0,3747.0,0.0,1,0,0,0
2022,Nosotros & Los Demás / Cavideo Produções,Distribuição Nacional,72,72,792.08,792.08,1,1,1,1
2022,O2 Play,Distribuição Nacional,129586,19484,2638658.81,401786.76,22,8,17,8
2022,Okna Produções,Distribuição Nacional,427,427,6126.35,6126.35,1,1,1,1
2022,Olhar Distribuição,Distribuição Nacional,3976,3792,55861.45,53623.45,9,7,6,6
2022,Paideia Filmes / Studio Riff,Distribuição Nacional,50,50,1133.5,1133.5,1,1,1,1
2022,Panda Filmes,Distribuição Nacional,14,14,140.0,140.0,1,1,1,1
2022,Pandora Filmes,Distribuição Nacional,52325,14821,944864.84,268669.53,27,15,23,13
2022,Paramount,Distribuição Internacional,11489476,0,226842135.74,0.0,12,0,7,0
2022,Paris,Distribuição Nacional,2282678,1021429,41445129.84,18465080.09,35,9,20,5
2022,Pipa Produções,Distribuição Nacional,2664,2664,47121.72,47121.72,4,4,4,4
2022,Pique-Bandeira Filmes,Distribuição Nacional,340,340,4861.25,4861.25,1,1,1,1
2022,Playarte,Distribuição Nacional,310679,0,5486419.25,0.0,9,0,8,0
2022,Polifilmes / Mares Filmes,Distribuição Nacional,4014,0,78410.77,0.0,2,0,2,0
2022,Priscila De Matos Rocha Ferreira,Distribuição Nacional,145,145,2725.0,2725.0,1,1,1,1
2022,Risi Film,Distribuição Internacional,4004,0,75680.36,0.0,1,0,1,0
2022,Schürmann Produções,Distribuição Nacional,14,14,268.78,268.78,1,1,1,1
2022,Sentimental Filme,Distribuição Nacional,45,45,817.0,817.0,1,1,0,0
2022,Sereia Filmes,Distribuição Nacional,1187,1187,15371.54,15371.54,3,3,3,3
2022,Sony,Distribuição Internacional,10167725,0,188261701.85,0.0,24,0,17,0
2022,Superoito Produções,Distribuição Nacional,202,202,3893.58,3893.58,1,1,1,1
2022,Synapse,Distribuição Nacional,57664,28644,1111866.26,528999.77,9,2,8,2
2022,T'Ai Criação,Distribuição Nacional,1208,1208,6390.34,6390.34,1,1,1,1
2022,Tortuga Studios,Distribuição Nacional,12,12,226.0,226.0,1,1,0,0
2022,Tucumán,Distribuição Nacional,168,168,2735.03,2735.03,1,1,1,1
2022,Valnei Souza Nunes Filho,Distribuição Nacional,472,472,14834.0,14834.0,1,1,1,1
2022,Videofilmes,Distribuição Nacional,248,248,2264.0,2264.0,1,1,0,0
2022,Vitrine Filmes,Distribuição Nacional,91498,84379,1662852.66,1529775.35,29,24,17,14
2022,Walper Ruas Produções,Distribuição Nacional,2,2,48.0,48.0,1,1,0,0
2022,Warner,Distribuição Internacional,32792629,2,617557107.86,40.0,63,1,30,1
2022,Zapata Filmes,Distribuição Nacional,29,29,507.0,507.0,1,1,0,0
2022,Zeta Filmes,Distribuição Nacional,12284,26,201417.77,165.0,9,1,7,0
